,key,count
41,男子,287
179,发生,133
158,女子,102
648,司机,82
289,医院,82
401,投诉,81
1423,突发,80
716,交警,79
15,曝光,71
38,诈骗,64
134,中国,64
214,死亡,64
1419,火灾,61
636,警方,61
523,手机,56
198,孩子,54
323,身亡,53
37,涉嫌,52
647,货车,52
634,事故,48
336,万元,48
3064,起火,45
39,非法,44
1318,公司,44
1715,现场,43
1219,驾驶,42
885,警察,42
118,视频,41
1937,车祸,41
1880,网友,41
1828,高速,40
440,小区,39
461,严重,38
1022,一审,37
85,一个,37
155,举报,36
766,黑心,36
182,事件,35
165,垃圾,35
402,竟然,34
129,美国,34
338,获刑,34
1521,受伤,33
484,这个,32
864,有限公司,32
274,民警,32
646,交通事故,31
2446,车主,31
242,发现,30
1409,无证,30
986,一起,30
714,判决书,30
288,老人,30
3638,地震,29
1362,丈夫,29
965,村民,29
610,问题,29
392,学生,28
152,新闻网,28
215,新闻,28
687,盗窃,28
245,报警,28
804,车辆,27
1967,骗子,27
812,自己,27
339,开车,27
51,纠纷,27
633,相撞,26
909,抓获,26
1437,百度,26
674,突然,26
1110,受贿,26
719,被判,26
49,法院,25
88,平台,25
1086,小伙,25
617,资讯,24
1345,大火,24
47,北京,24
713,刑事,24
891,通报,24
2707,利用,24
1587,结果,24
858,小时,23
521,调查,23
271,广西,23
1897,河南,23
850,主题,23
562,刑拘,23
519,违法,23
482,女孩,23
263,赔偿,22
1011,暴力,22
1508,妻子,22
855,逃逸,22
836,拘留,22
677,有人,22
1413,电动车,22
1458,醉酒,21
365,嫌疑人,21
1115,团伙,21
191,没有,21
247,南京,21
1057,这样,21
525,网络,20
831,母亲,20
62,搜狐,20
212,爆炸,20
5934,在线,19
1006,老师,19
2980,侵吞,19
1733,酒驾,19
324,江苏,19
1456,深圳,19
483,因为,18
3766,出租车,18
173,违规,18
237,儿子,18
2144,合同纠纷,18
4135,倒塌,18
465,女友,18
386,移动,18
1398,遭遇,18
1134,追尾,18
281,查处,18
120,执法,18
530,上海,18
1002,网易,18
330,信息,18
1869,当场,18
1081,原因,17
1145,冒充,17
254,城管,17
1418,引发,17
4309,轿车,17
698,落网,17
758,老板,17
951,罚款,17
52,案件,17
770,传销,17
1343,造成,17
980,网上,17
915,打人,16
4653,父亲,16
1083,失踪,16
2499,公安,16
581,湖南,16
296,酒后,16
3299,干部,16
4177,郑州,16
1127,被困,16
2151,医生,16
5411,骗取,16
908,肇事,16
261,起诉,16
3326,超载,16
132,危险,16
2037,竟是,16
2752,作为,16
1177,犯罪,16
699,一名,16
486,判刑,16
251,居民,16
712,二审,16
492,宣判,16
1495,一辆,16
1916,广东,16
2207,妈妈,15
1118,驾车,15
1125,浙江,15
798,夫妻,15
1460,失控,15
3763,交通,15
692,员工,15
143,日本,15
106,知道,15
1492,游客,15
1151,转载,15
637,破获,15
61,出来,15
145,真相,15
927,自燃,15
632,两车,15
926,凌晨,15
1196,患者,15
897,案例,15
471,被查,15
2126,民事,15
1,领导,15
284,食品,15
2769,醉驾,15
326,女儿,14
4056,导致,14
3213,多次,14
506,自杀,14
452,被盗,14
4194,为了,14
314,辱骂,14
551,拆迁,14
2720,处理,14
731,房子,14
2328,河北,14
1778,家长,14
1433,律师,14
1020,组织,14
108,还是,14
102,不能,14
1048,女童,14
958,执行,14
100,教育,14
1126,一人,14
7049,坠楼,14
1501,逆行,14
43,一夜,14
2254,深夜,14
1457,汽车,14
1440,企业,14
122,出现,14
1301,生活,14
1313,多人,14
835,依法,14
463,撞死,13
588,影响,13
3228,事发,13
450,朋友,13
311,父母,13
586,腐败,13
3075,科技,13
701,他人,13
171,西安,13
922,苏州,13
806,碾压,13
621,损失,13
389,江西,13
1911,虚假,13
1281,被捕,13
78,无法,13
3227,套路,13
67,背后,13
756,疑似,13
1448,集团,13
3735,操作,13
873,主任,13
841,典型,13
12,这么,13
1641,一家,13
479,维权,12
640,涉案,12
1810,贪污,12
3955,摩托,12
490,走私,12
1260,宣传,12
1049,提醒,12
320,同学,12
1783,贵州,12
3040,查获,12
92,就是,12
1483,弟弟,12
59,注意,12
575,新浪,12
1712,家中,12
84,搜狐网,12
524,中毒,12
2894,重庆,12
368,吸毒,12
3291,威胁,12
3421,这种,12
2416,附近,12
2261,拒绝,12
2757,小车,12
2536,对方,12
2711,至少,12
2713,惨烈,12
2153,发布,12
2179,酒店,12
2384,枪击,12
2449,某某,12
918,女生,12
207,驾驶员,12
241,电话,12
2614,什么,12
2193,职务,12
2419,浓烟滚滚,12
2527,民事裁定,12
1505,快递,11
1480,悲剧,11
503,合肥,11
235,香港,11
737,百姓,11
733,公安局,11
1527,记者,11
1538,恶意,11
66,落马,11
1119,碰瓷,11
2211,宝马,11
321,男孩,11
180,持刀,11
2846,这家,11
7463,过期,11
1330,道路,11
4947,抗议,11
1288,殴打,11
3876,工作,11
4057,四川,11
1325,紧急,11
3801,物业,11
421,街头,11
843,警惕,11
4130,揭阳,11
1400,飞机,11
448,半年,11
380,儿童,11
1207,处罚,11
1204,污染,11
2302,直接,11
222,官员,11
1666,索赔,11
381,意外,11
615,陕西,11
3010,钱财,11
1952,道德,11
709,运输,11
248,市民,11
300,我们,11
688,摩托车,11
2054,苹果,11
605,造假,11
1059,社会,11
824,杀人,11
1940,山西,11
4234,要求,11
91,服务,11
3104,台湾,11
6106,滥用职权,11
2124,机动车,11
89,购买,11
1050,作案,11
2125,责任,11
121,为何,11
2190,门口,11
1968,坑人,11
676,小心,11
2928,美女,11
1384,一对,10
427,部门,10
3267,实名,10
2490,惨遭,10
625,批捕,10
1798,家属,10
2347,整治,10
1806,他们,10
1950,长沙,10
1000,男友,10
994,媒体,10
825,少年,10
3826,房屋,10
2567,超市,10
934,市场,10
2659,监控,10
893,建设,10
1077,今天,10
1899,家人,10
3205,幼儿园,10
2701,着火,10
2686,这些,10
3091,业主,10
3344,公里,10
1497,乘客,10
919,围殴,10
917,学校,10
2627,怎么,10
1472,真的,10
2576,可能,10
1068,微信,10
3063,居民楼,10
1182,还有,10
3231,面包车,10
1584,老婆,10
1271,嫌犯,10
4476,超员,10
4161,疯狂,10
359,银行,10
6645,包庇,10
7056,直通车,10
1028,公款,9
2654,瞬间,9
7057,华声,9
901,两起,9
6646,暗箱,9
705,入室,9
1726,上演,9
1067,特大,9
2088,专家,9
3301,检查,9
684,安康,9
2802,伤者,9
1312,余万,9
2208,找到,9
416,一年,9
1391,以为,9
1368,当街,9
71,两年,9
2330,局长,9
5107,致死,9
2454,赌博,9
4131,厂房,9
800,双双,9
1228,人民,9
2488,内蒙古,9
9,广告,9
2498,偷偷,9
1652,成都,9
1128,消防,9
4673,不幸身亡,9
767,商家,9
1760,成功,9
4425,有关,9
2807,经营,9
3186,怀孕,9
403,回应,9
2965,交易,9
4062,可怕,9
4310,喝酒,9
1285,投资,9
1803,广州,9
1263,山东,9
1837,连续,9
1289,杭州,9
283,超标,9
564,安全,9
557,不是,9
27,南通,9
411,浦口,9
269,法官,9
101,废品,9
1466,法国,9
3193,桂林,8
2565,石家庄,8
623,万余元,8
4133,大楼,8
790,汉中,8
213,致人,8
4322,已致,8
2460,泄露,8
1201,博客,8
347,公开,8
1424,大连,8
596,渭南,8
3070,地方,8
65,书记,8
3210,保护,8
626,情况,8
627,公布,8
2762,上路,8
7323,冲突,8
1487,路口,8
273,猝死,8
1213,关注,8
3481,幌子,8
1208,社区,8
1216,案一审,8
7294,私吞,8
2895,扶贫,8
7173,袭警,8
1417,焚烧,8
34,国际,8
4529,公交车,8
720,死刑,8
2702,消防车,8
1513,华律,8
3377,潜逃,8
736,居然,8
2809,环卫工,8
744,电信,8
820,敛财,8
2415,机场,8
1299,内幕,8
866,大家,8
413,扰民,8
1713,通过,8
1970,乱收费,8
6655,打着,8
1051,男童,8
881,政府,8
354,买卖,8
2209,护栏,8
6522,挪用,8
3828,福建,8
5301,强奸,8
1251,男生,8
4085,失火,8
3641,公民,8
404,路边,8
181,袭击,8
1895,真是,8
949,国家,8
2082,消费,8
1883,电梯,8
1800,厦门,8
1720,惊险,8
6554,血汗钱,8
1830,半夜,8
1602,进行,8
1746,已有,8
3546,管理,8
5178,纪委,8
2340,不满,8
1757,重伤,7
1949,为什么,7
1170,首例,7
675,信号,7
1948,瞒报,7
1771,滑坡,7
2821,东西,7
2812,不敢,7
641,金额,7
1589,中华,7
639,诈骗案,7
2957,云南,7
4243,校车,7
1818,到底,7
4250,人数,7
1819,欺骗,7
3045,一车,7
1030,巨额,7
1809,村干部,7
1004,第一,7
1898,洛阳,7
32,爆料,7
123,娱乐,7
1792,教师,7
127,官方,7
984,还要,7
1933,联合,7
628,今早,7
1754,火车,7
977,人民检察院,7
1453,财经,7
1717,凶手,7
4417,百万,7
1123,多地,7
774,骗局,7
218,乱象,7
2530,工程,7
2515,煤矿,7
2247,至今,7
2253,频道,7
863,传播,7
1632,凤凰网,7
1621,女人,7
933,综合,7
1574,现金,7
1617,东方,7
1577,小偷,7
854,撞伤,7
847,收废,7
1103,部分,7
3097,支付,7
2395,消防通道,7
2227,大道,7
2222,逃跑,7
1553,大学生,7
1547,杀人案,7
2732,资金,7
6591,坑害,7
2717,人员,7
2389,恶势力,7
6603,收受,7
921,耳光,7
710,制造,7
154,大桥,7
7106,深度,7
2152,性侵,7
1085,求助,7
4573,车子,7
734,立案,7
735,怎么办,7
5370,廊坊,7
2189,赶紧,7
169,奇葩,7
25,恶劣,7
4930,消费者,7
4078,天气,7
3308,千万,7
366,抢劫,7
1292,嚣张,7
3439,余万元,7
570,爆发,7
3396,民宅,7
1247,一大,7
417,停车,7
21,夜间,7
14,央视,7
3423,两人,7
472,公交,7
309,看到,7
539,持续,7
1309,免费,7
3655,多万,7
1256,打架,7
561,教练,7
560,撞死人,7
1255,直播,7
1324,使用,7
310,及时,7
3566,暴雨,7
485,两次,7
526,病毒,7
1401,游戏,7
4016,遇难,7
4014,不慎,7
348,财产,7
509,公诉,7
4048,车上,7
1253,吵架,7
3456,驾照,7
373,产品,7
3387,震惊,7
393,行为,7
4137,澳大利亚,6
1571,快讯,6
2436,人生,6
1373,老太,6
1582,老公,6
6915,索贿,6
3435,整栋,6
1364,离婚,6
2509,失败,6
3484,获利,6
4031,武汉,6
2503,少女,6
2479,赌场,6
1422,处置,6
3409,二手车,6
1129,救援,6
4156,镇政府,6
3336,精准,6
1150,店铺,6
1147,刑事拘留,6
8116,英文,6
4587,印度,6
516,成员,6
16,如东,6
2669,推卸责任,6
1397,滨州,6
1531,只是,6
2600,命案,6
2595,如今,6
1545,白银,6
2577,扩散,6
1387,老赖,6
1556,毁容,6
337,贪污受贿,6
2564,起来,6
502,检察院,6
2561,不要,6
2560,补偿款,6
499,熟人,6
5026,噪音,6
8598,震源,6
2325,强行,6
943,水库,6
3779,济南,6
1770,山体,6
1779,四处,6
1990,哪里,6
1980,捣毁,6
5913,方向盘,6
981,逃犯,6
1046,老汉,6
6069,考试,6
3935,环境,6
1905,房产,6
1793,论坛,6
6160,悬赏,6
391,欺诈,6
1867,刺伤,6
1008,生命,6
1277,城市,6
1847,污水,6
1031,亏损,6
4017,天津,6
1822,华人,6
382,伤害,6
1274,农村,6
2040,分钟,6
2056,年轻,6
3543,造谣,6
938,挪用公款,6
848,炼金,6
2321,旅游,6
2306,后悔,6
1351,不料,6
2278,一直,6
2267,村霸,6
1096,补偿,6
5277,令人,6
7154,猖獗,6
1655,中心,6
177,中央,6
451,信用卡,6
4094,太原,6
3645,宾馆,6
442,多个,6
5396,集体,6
1078,两名,6
2122,分公司,6
2112,高速公路,6
5551,涉黑,6
5675,中介,6
4080,情侣,6
3746,安徽,6
1507,去世,6
704,流窜,6
24,废水,6
48,多家,6
4222,冲撞,6
574,隔离,6
3029,加油站,6
4288,翻车,6
3219,故意,6
1485,没想到,6
538,三天,6
2763,还敢,6
1202,工地,6
264,全国,6
2770,别人,6
678,因此,6
2913,失联,6
2814,水果,6
4408,女司机,6
3236,保险,6
1185,保护伞,6
672,行人,6
2962,担责,6
3167,无人,6
542,朋友圈,6
4369,侧翻,6
1494,派出所,6
591,兰州,6
1199,医疗,6
708,贩卖,6
2860,全部,6
3327,违法行为,6
3069,一次,6
3113,聚众斗殴,6
1195,恐吓,6
702,身份,6
1496,烟花爆竹,6
1217,客车,6
711,毒品,6
1197,手术,6
307,希望,5
2910,当众,5
3602,售假,5
3704,网传,5
2896,领域,5
4531,邢台,5
2121,股份,5
3703,关于,5
549,全家,5
4346,步行街,5
2919,昆明,5
565,大事,5
3687,民房,5
1638,十堰,5
2260,一定,5
430,一下,5
3733,餐厅,5
6602,副局长,5
272,途中,5
4345,触目惊心,5
23,高浓度,5
2936,侵犯,5
2246,亿元,5
2220,一案,5
22,偷排,5
5480,用户,5
642,痛心,5
3611,如何,5
4096,设施,5
1664,细节,5
1677,一幕,5
889,最新,5
2194,侵害,5
5307,当地,5
2240,车牌,5
892,作风,5
5367,破坏,5
638,系列,5
168,如此,5
2161,掀翻,5
1257,青岛,5
3211,群众,5
4358,关系,5
6656,雅好,5
5406,地铁,5
3670,特别,5
1080,轻生,5
2140,房地产,5
1701,回家,5
4348,吓坏,5
5476,论文,5
4077,丧生,5
3331,不让,5
2078,校园,5
6493,来电,5
7838,牟取暴利,5
1047,猥亵,5
398,公园,5
3844,借款,5
985,两个,5
1284,给钱,5
7940,赡养,5
1420,奎屯,5
993,法制,5
576,新浪网,5
1894,这次,5
1796,不幸,5
4045,疑因,5
6495,董事长,5
6202,韩国,5
4254,尸体,5
1854,路上,5
1849,长江,5
4041,行驶,5
1016,被告人,5
1831,浪费,5
3073,成为,5
4246,跳楼自杀,5
1825,坑骗,5
4228,飓风,5
580,骗走,5
1938,这里,5
4061,致两人,5
3772,多名,5
8791,情人节,5
1751,意大利,5
1293,榆林,5
4338,渣土,5
419,你们,5
2033,公然,5
2028,再次,5
2021,爸爸,5
4201,烧成,5
2014,阻碍,5
2968,监管,5
2009,张家口,5
2006,谎称,5
95,网站,5
3008,没商量,5
2972,房东,5
2978,警车,5
1987,农民工,5
3789,究竟,5
1972,毒打,5
3791,心酸,5
1790,校长,5
5911,争执,5
5912,抢夺,5
1961,落水,5
7770,裸聊,5
4074,隐患,5
4373,电瓶车,5
458,意识,5
1333,海南,5
3286,原创,5
1383,遇上,5
3407,个人,5
2535,李某,5
2787,跳楼,5
2514,大同,5
3411,忽悠,5
4415,方向,5
4410,重罚,5
1410,海口,5
69,品质,5
787,消息,5
6910,万吨,5
789,差点,5
1168,一家人,5
792,小哥,5
2793,这事,5
2867,闹事,5
2475,一地,5
2471,卖淫,5
3273,倒车,5
1370,盐城,5
668,人网,5
3461,仓库,5
316,行政拘留,5
210,泄漏,5
302,小学生,5
4712,车库,5
1411,霸占,5
2447,打死,5
1567,措施,5
317,宿迁,5
6906,缺德,5
1484,帮忙,5
329,身份证,5
4548,殃及,5
4170,狂奔,5
1498,指挥,5
2698,工厂,5
2697,昨天,5
2692,国道,5
4568,火情,5
518,违纪,5
1517,兄弟,5
2672,多少,5
1215,飙车,5
4598,火光冲天,5
2661,枪杀,5
4442,坠落,5
742,立马,5
3390,电缆,5
2636,虐待,5
4432,载客,5
4603,坍塌,5
2625,美容,5
6927,一氧化碳,5
1160,判决,5
2738,姑娘,5
755,惊现,5
2741,过程,5
1546,连环,5
2572,绑架,5
220,素质,5
809,检察,5
1369,暴打,5
829,争吵,5
1102,紧张,5
1613,好友,5
2439,湖北,5
2843,寻找,5
1105,年仅,5
2335,男人,5
1342,玩忽职守,5
832,多处,5
190,之后,5
4118,合格,5
2355,委员会,5
2374,进入,5
6822,精选,5
3529,周边,5
3235,报告,5
2837,住院,5
2820,再也,5
7493,毛钱,5
1588,出事,5
5134,脏乱差,5
3477,项俊波,5
4128,家里,5
6845,温州,5
2271,主播,5
6880,公平,5
2420,运城,5
2423,瘫痪,5
2268,村主任,5
8030,交警大队,4
7551,联联,4
1471,有钱,4
1737,地上,4
1797,溺亡,4
1518,群殴,4
7414,医德,4
1801,惊魂,4
8751,法律咨询,4
6716,可怜,4
9644,荣县,4
8063,三个,4
1802,站台,4
1322,动作,4
7104,村支书,4
6748,丛生,4
1512,是否,4
1814,农民,4
6410,销毁,4
1633,收购,4
8408,套牌,4
8238,国内,4
1616,期间,4
1461,大骂,4
7015,政策,4
1817,土地,4
1808,甘肃,4
6482,余人,4
8599,千米,4
8117,元旦,4
1671,一位,4
1286,生意,4
1405,总经理,4
1690,故障,4
1781,都市,4
1302,短信,4
6565,大学,4
7757,清华,4
1696,何在,4
1361,这名,4
6566,实验室,4
1597,一条,4
1592,叫嚣,4
1482,结婚,4
8771,全责,4
8139,罢工,4
1450,存在,4
1586,回答,4
6893,贪腐,4
1611,不成,4
1481,姐姐,4
1438,同仁堂,4
6668,坠亡,4
1532,骗钱,4
1439,旗下,4
1687,不到,4
1394,银川,4
7322,警民,4
1488,惨案,4
8100,豆腐渣工程,4
9329,偷税漏税,4
1558,暗访,4
1441,频频,4
7390,逍遥法外,4
1360,胆子,4
1614,电脑,4
1564,单位,4
7552,周边游,4
1758,凤凰,4
4027,参与,4
1827,财富,4
3279,移送,4
2907,抓捕,4
2937,个人信息,4
4325,湖州,4
2991,溺水,4
3004,方便,4
4300,骗保,4
3016,涉毒,4
3031,只为,4
3037,饮酒,4
3039,大队,4
4264,最具,4
3046,反映,4
4249,北角,4
3085,日照,4
3087,大雨,4
4233,地区,4
3117,南宁,4
3126,烟花,4
3145,假冒,4
3148,三人,4
3153,承担,4
3192,恶心,4
4220,悉尼,4
3220,高价,4
3224,去年,4
4219,多车,4
4200,自行车,4
4350,奥迪,4
2906,法庭,4
1273,烟台,4
4420,头条,4
4534,路段,4
4522,保姆,4
4506,连撞,4
2712,上饶,4
4464,大爷,4
4444,变道,4
2718,道歉,4
2734,睡觉,4
4424,枪击案,4
2743,死者,4
2751,行政,4
4422,境内,4
4419,越野车,4
4362,非洲,4
2759,不知,4
2791,萍乡,4
2795,按摩,4
2810,男女,4
2822,师傅,4
2833,查封,4
2842,全城,4
4382,益阳,4
2852,工作人员,4
2855,潮汕,4
2865,长春,4
2904,需要,4
3243,网恋,4
4187,警示,4
6358,英国,4
3307,可以,4
3600,一天,4
3603,甚至,4
3618,几个,4
3628,利润,4
3635,上网,4
3636,吉林,4
3654,账户,4
4084,高楼,4
3667,装修,4
3685,福州,4
3693,惨剧,4
3708,私家车,4
3721,小伙子,4
3768,昏迷,4
4076,越南,4
3778,实施,4
3786,十年,4
3796,穿衣服,4
3808,丢失,4
3819,出轨,4
3824,登记,4
3839,被告,4
3861,万达,4
4052,奥迪车,4
3960,彩礼,4
3963,图片,4
4033,窝点,4
3591,商业,4
4101,独居,4
3590,陷阱,4
3404,知名,4
3318,轻伤,4
4186,两辆,4
4171,经历,4
3328,保安,4
4146,失信,4
4143,贷款,4
3370,行长,4
3378,入住,4
3386,很多,4
3392,转移,4
4138,唐山,4
3398,在家,4
3405,品牌,4
4108,连发,4
4134,轰然,4
3448,宾阳,4
3455,吊销,4
4129,时候,4
3473,玉林,4
3474,二维码,4
3478,开庭,4
3510,底线,4
3515,山寨,4
3545,信阳,4
4109,赚钱,4
3588,提起公诉,4
2709,感染,4
4537,澳门,4
2705,预警,4
4555,农户,4
2029,点燃,4
5813,涉恶,4
5788,诚信,4
2065,父子,4
2072,报复,4
5683,令人发指,4
2090,假药,4
2093,汽油,4
2095,昨晚,4
2097,看看,4
2102,商人,4
2120,财产保险,4
5546,拳打脚踢,4
5539,醉汉,4
5529,高管,4
5483,盗走,4
5451,洗澡,4
2131,事情,4
2141,开发,4
5440,下车,4
5397,诉讼,4
5389,死亡事故,4
2154,最新消息,4
2160,女婿,4
2178,事后,4
5333,工人,4
2198,疲劳,4
5817,软件,4
2013,生猪,4
2011,梅州,4
6142,改判,4
6341,法律,4
6339,大打出手,4
1836,裁判,4
6299,强制,4
1859,今年,4
1863,十分,4
6231,强烈,4
6214,核载,4
6199,电瓶,4
6181,斗殴,4
1889,诱骗,4
1891,股权,4
6086,合法,4
2005,杀害,4
1928,租金,4
6034,网购,4
6013,违建,4
6008,现代,4
5952,属于,4
1955,中山,4
1969,治疗,4
5845,号牌,4
1991,万人,4
1995,哈尔滨,4
1996,整个,4
5836,充当,4
2205,叔叔,4
2206,一点,4
5295,南阳,4
4654,新车,4
4703,店主,4
2489,一女,4
2492,闹市,4
2494,确认,4
4701,过年,4
2507,图文,4
4676,高校,4
2538,负责人,4
2563,教训,4
4662,取暖,4
2569,态度,4
2573,勒索,4
4639,自家,4
2465,天下,4
2588,转账,4
4637,囚禁,4
2605,中级,4
4636,邻居,4
2622,伤亡,4
2623,贵阳,4
2628,特朗普,4
2637,坐牢,4
4600,起火燃烧,4
2682,人民日报,4
2683,怒批,4
2684,倒退,4
2469,围观,4
2457,罚单,4
5279,临沂,4
2343,上门,4
2251,人家,4
2258,民间,4
2259,借贷,4
5268,德班,4
5259,钓鱼,4
2286,不见,4
2288,副县长,4
5198,评论,4
2319,涉事,4
5086,绿化带,4
2337,惹祸,4
2341,客户,4
5077,钢管,4
4719,刚刚,4
2344,打砸,4
4981,垃圾场,4
4975,介入,4
2376,八旬,4
4965,无良,4
4904,人因,4
2388,一方,4
2396,堵塞,4
4863,被迫,4
4827,别墅,4
4779,中关村,4
4736,人死,4
0,问责,4
4837,莫名,4
814,麻烦,4
192,多久,4
18,槽罐车,4
616,富平县,4
1159,污染环境,4
29,大发,4
31,粉丝,4
1156,学院,4
788,旬阳,4
233,垃圾桶,4
853,骑车,4
93,我要,4
793,闯红灯,4
110,应该,4
622,被判赔,4
907,三轮车,4
624,近期,4
19,改成,4
964,普通,4
1009,黑恶势力,4
234,食物,4
17,医药企业,4
1223,重大,4
1106,倒地,4
781,行骗,4
7,一手遮天,4
594,现在,4
840,十大,4
534,孕妇,4
1229,名义,4
1084,打工,4
125,全球,4
267,中院,4
1171,刑事案件,4
410,排队,4
200,受害人,4
133,法治,4
415,生产,4
259,侵权,4
784,接到,4
1224,中学,4
607,环保,4
294,实拍,4
903,陕西省,4
630,博士,4
546,首次,4
718,殉职,4
1130,长治,4
724,私自,4
178,车站,4
695,妻儿,4
1266,恩施,4
211,燃烧,4
555,中国移动,4
445,伪造,4
238,婆婆,4
352,贪官,4
876,提供,4
1036,上当,4
1040,长期,4
572,疫情,4
946,块钱,4
1021,活动,4
36,项目,4
860,揭露,4
1014,移民,4
577,当心,4
395,广场,4
63,网红,4
883,不够,4
505,主席,4
477,公安部,4
818,高速路,4
514,部长,4
5855,破窗,3
5001,解决,3
441,竟有,3
50,供暖,3
3576,注销,3
3656,收到,3
466,顶包,3
5044,宜宾,3
2086,资质,3
3619,陌生,3
3653,会计,3
5041,珍贵,3
3616,婚礼,3
460,那么,3
5867,大巴,3
3596,豪车,3
2059,北京华,3
2094,火烧,3
3595,世纪,3
3594,营销,3
6675,返航,3
5029,何时休,3
939,情人,3
3615,心疼,3
6671,充电,3
3607,互联网,3
5025,夜晚,3
2050,泗阳,3
5040,利益,3
6673,南航,3
2077,闯入,3
5042,野生动物,3
931,常熟市,3
5473,不明,3
930,保险公司,3
9188,内容,3
6718,烤熟,3
2165,女护士,3
3480,保健品,3
3479,被控,3
5801,幸存,3
480,黑幕,3
2174,病人,3
5098,开发商,3
2181,欺凌,3
2182,怒斥,3
2186,未来,3
2187,孝感,3
5797,抛弃,3
489,最大,3
7242,占地,3
491,洋垃圾,3
2197,立场,3
3446,险些,3
2201,小女孩,3
8361,平安,3
3432,遭拒,3
3425,红包,3
3419,神秘,3
3494,严查,3
3503,发酵,3
3507,谣言,3
3539,我家,3
2098,隐形,3
3563,吓人,3
3557,顶风,3
7285,打赏,3
9178,斑海豹,3
3549,情感,3
2113,现行,3
468,违反,3
8297,剩饭,3
2022,留学生,3
920,轮番,3
2147,裁定书,3
3534,诈骗罪,3
2127,离世,3
8301,租赁,3
3530,网吧,3
470,规定,3
5071,商丘,3
3521,恢复,3
5075,楼道,3
5820,始作俑者,3
2143,工程施工,3
3540,低保,3
138,打开,3
7337,诬陷,3
3831,电信服务,3
4868,大厦,3
7428,治病,3
4874,震中,3
1852,临清,3
7422,义乌,3
7413,协和医院,3
1865,博白,3
1868,行凶,3
1873,残疾,3
7409,床垫,3
1875,跪求,3
3829,周宁,3
4846,爆燃,3
3827,中国移动通信集团,3
8107,控诉,3
4900,猛烈,3
4902,行车,3
1886,股票,3
3817,左右,3
3814,大庆市,3
3812,黑龙江省,3
8118,升旗,3
3805,寻狗,3
3800,物业管理,3
8047,法网,3
4844,熊熊大火,3
3798,南昌,3
4823,单车,3
4804,沈阳,3
4805,塌陷,3
3951,警告,3
40,集资,3
1782,高峰,3
3942,新村,3
97,标题,3
1786,冰雹,3
4817,伙同他人,3
1789,小学,3
1045,六旬,3
9364,三星,3
3899,乞丐,3
1041,占用,3
130,面临,3
7455,植物,3
4830,不了,3
7454,错误,3
1812,刑责,3
1032,国企,3
26,至极,3
1820,出售,3
94,国外,3
1019,人犯,3
4912,沙尘暴,3
3797,那种,3
2015,罐车,3
1998,惊心,3
3720,惠州,3
3718,低头,3
6632,佛山,3
197,知识,3
1983,燃气,3
8199,黑车,3
2225,昨夜,3
3692,送医,3
5909,急寻,3
4983,工业,3
1997,黑龙江,3
1999,火车站,3
1962,徇私枉法,3
3681,流量,3
3679,驾驶证,3
3677,作弊,3
3675,殒命,3
3672,开户,3
2007,炸弹,3
3669,时间,3
5900,赔钱,3
3666,烧毁,3
953,商丘市,3
952,被执行人,3
5928,哥哥,3
3730,费用,3
3795,黄播,3
8150,独派,3
8128,下台,3
5958,偷窃,3
1910,制作,3
1912,木马病毒,3
988,三年,3
1922,司法,3
1924,接连,3
6611,矿难,3
6612,煤炭,3
6613,期刊网,3
5944,宴请,3
7380,压力,3
4948,总统,3
1935,今天下午,3
982,女性,3
5939,肇事罪,3
3755,无罪,3
3754,认定,3
426,相关,3
1951,没人管,3
3742,敲诈勒索,3
1954,镇江,3
3737,考场,3
4944,天后,3
5129,排污,3
6758,天然气,3
9104,坦桑尼亚,3
2959,自杀身亡,3
8930,宾利,3
172,饭店,3
2540,发文,3
5341,每次,3
2550,被扣,3
8618,春节,3
7075,金融,3
3020,骗术,3
3017,其中,3
2568,卫生,3
763,人间,3
6887,打听,3
2571,泰国,3
762,恶魔,3
759,反而,3
2582,同村,3
2583,六安,3
2990,店内,3
2985,诽谤,3
5376,脏乱,3
2973,下午,3
5582,栏杆,3
8885,改装,3
5381,出门,3
752,丹阳,3
3057,彩票,3
3062,花园,3
5327,这是,3
3102,子公司,3
7109,餐具,3
7108,消毒,3
175,爆竹,3
2482,侮辱,3
8958,椰树,3
2486,不准,3
2487,不然,3
3107,施暴,3
791,外卖,3
5305,甲醛,3
786,助学金,3
174,燃放烟花,3
7092,害怕,3
5648,放火,3
785,发放,3
582,两位,3
783,处罚金,3
3096,被行,3
5310,各种,3
3088,屋里,3
5315,泛滥,3
779,单身,3
5320,未成年人,3
3072,何以,3
2606,人民法院,3
2958,农药,3
877,留学,3
5574,暴暴,3
2857,投毒,3
2699,旁边,3
8728,出车祸,3
2849,自动,3
160,裸照,3
2845,布碌仑,3
2841,幼童,3
7001,公务员,3
2714,生死,3
2715,抢救,3
700,盗用,3
2832,资产,3
6998,炫耀,3
5506,城区,3
2817,营业员,3
2811,羞辱,3
5500,血案,3
5465,遗体,3
2747,借口,3
5495,东北,3
2785,勒死,3
2754,大妈,3
686,青年,3
2764,周口,3
2766,任性,3
2695,浓烟,3
2693,火光,3
2691,衡水,3
2660,揪心,3
2951,有用吗,3
2948,企图,3
166,理由,3
5392,好心,3
5561,时时,3
2633,一声,3
2634,新加坡,3
5553,杀死,3
5400,路过,3
2908,济宁,3
161,没收,3
2891,行医,3
2689,刺激,3
5417,一看,3
5418,身上,3
5419,蜀黍,3
5422,然后,3
732,强拆,3
5534,行拘,3
2878,中招,3
6933,巨贪,3
7019,大案,3
6938,茅台,3
7012,选择,3
3119,追踪,3
3121,受审,3
5296,无耻,3
573,班级,3
5152,截瘫,3
5153,多万元,3
3356,绵阳,3
3355,觉得,3
5159,热线,3
2290,双开,3
5164,湛江,3
5735,头目,3
2300,最牛,3
2301,违章,3
852,数据,3
2307,遭到,3
2309,巴掌,3
7199,邳州,3
2313,夫妻俩,3
528,无处,3
187,因车祸,3
3324,呼伦贝尔,3
849,金戒指,3
2324,景区,3
5184,儿媳,3
3312,立即,3
3311,中队,3
8441,不要命,3
5187,面对,3
6769,猪瘟,3
5151,高位,3
3366,频发,3
2249,抚州,3
497,高空,3
6741,官官相护,3
2233,斑马线,3
6742,创动,3
6743,自动化,3
5774,拖欠工资,3
6745,状告,3
2239,撞车,3
8380,濮阳,3
3399,微商,3
507,曾任,3
2250,一户,3
8397,毒驾,3
5140,杀手,3
870,检方,3
3391,冒用,3
3389,名牌,3
3380,取消,3
1772,报道,3
7221,射杀,3
513,原副,3
3376,这件,3
7219,劫持,3
5750,大量,3
2333,近日,3
3304,位置,3
535,白天,3
8531,公益,3
3207,大面积,3
559,学员,3
2409,农田,3
3204,周刊,3
3202,分行,3
5249,下水道,3
3195,最后,3
2422,致使,3
3184,假装,3
5258,梅城,3
147,代价,3
3168,沙特,3
2401,内江,3
568,红旗,3
813,带来,3
2437,已经,3
2441,拖车,3
8978,别车,3
803,嫌疑,3
3133,街道,3
6834,久久,3
3130,赔款,3
3129,判他,3
801,盘查,3
558,一般,3
2400,抢劫案,3
3295,华裔,3
2369,卷土重来,3
833,打伤,3
2348,今晨,3
5197,微博,3
537,今起,3
3281,撞倒,3
2354,监察,3
3278,常德,3
2359,赣榆,3
3274,货物,3
3271,小轿车,3
2363,人寿,3
3259,之中,3
6811,权健,3
3252,铁路,3
7166,咬伤,3
2377,老伯,3
3242,先后,3
3238,连云港,3
2385,死伤,3
2386,永州,3
7159,终于,3
2390,夏季,3
5231,爆炸声,3
3221,诱导,3
7994,象牙,3
950,权力,3
7992,包装,3
4221,卡车,3
1536,网贷,3
4212,妇女,3
4693,烈焰,3
4208,载有,3
1548,即将,3
6167,后妈,3
6431,信息网,3
4696,西藏,3
4196,多岁,3
7870,枉法,3
6434,伤人,3
1559,江门,3
6158,通告,3
4190,后果,3
322,抢救无效,3
4704,离开,3
4184,睡着,3
1535,合同,3
1142,行窃,3
4075,重重,3
35,无锡,3
223,参加,3
4280,中学生,3
6210,允许,3
221,这位,3
1169,侦破,3
6200,电死,3
4255,秦皇岛,3
299,挑衅,3
301,常州,3
217,行业,3
1149,纵火烧,3
4681,累计,3
1516,她们,3
6183,同一,3
304,一周,3
4230,澳洲,3
4227,僵尸,3
4707,轮胎,3
1122,商洛,3
1121,强降雨,3
4172,怀疑,3
6118,工具,3
4126,河津,3
4120,动态,3
1643,墨西哥,3
1651,上市公司,3
7896,钱色,3
4107,两天,3
355,银行卡,3
4095,水利,3
356,用于,3
6494,街电,3
4724,危急,3
1089,新娘,3
1676,争议,3
7905,退休,3
1678,巨大,3
4730,北部,3
4716,目击者,3
4140,黑烟,3
1099,你家,3
1598,人命,3
6146,整容,3
1114,缓刑,3
1112,狱友,3
4160,偷梁换柱,3
1593,不怕,3
1594,中铁,3
6451,校方,3
4154,找出,3
4141,滚滚,3
1603,镇雄,3
4153,引产,3
1606,中断,3
4151,知情,3
4150,毫不,3
6459,击毙,3
6129,集中,3
4294,刀片,3
7813,施工,3
4297,主人,3
4404,绍兴,3
4472,半小时,3
1243,更新,3
4461,导航,3
1241,利息,3
4562,除了,3
6278,返乡,3
4446,潍坊,3
4576,电线,3
1346,主要,3
4441,试衣,3
1348,孙子,3
1350,身体,3
4580,大风,3
4427,路虎,3
1236,数字,3
265,办案,3
4595,惊恐,3
4552,大棚,3
4479,奶奶,3
4482,泰州,3
1296,漯河,3
4526,校服,3
4524,人行道,3
6305,牟利,3
4535,照片,3
1264,婴儿,3
1261,骗人,3
4504,刹车,3
1297,职业,3
1311,为名,3
4500,同事,3
4499,驾校,3
4497,商铺,3
4496,沿街,3
1303,不断,3
4494,慢点,3
4546,数十,3
1374,楼下,3
1376,一中,3
292,市长,3
4399,动手,3
1189,正在,3
7785,保定,3
7791,把持,3
7793,治安,3
4324,奔驰,3
4323,保时捷,3
287,中暑,3
1449,风险,3
4640,只有,3
1183,那些,3
7801,支书,3
1181,丧尽天良,3
1459,航班,3
4306,德州,3
4303,侄女,3
7808,偷工减料,3
4646,洪水,3
1190,宿舍,3
4627,路面,3
4344,火灾事故,3
4364,蚌埠,3
4389,得手,3
6246,加拿大,3
4376,骨折,3
7758,马艺妮,3
7760,性丑闻,3
1210,突现,3
1412,共享,3
1414,拘役,3
282,多起,3
7767,尺度,3
1205,叫停,3
4349,腾讯网,3
1426,横穿马路,3
1427,大客车,3
4347,闪爆,3
1429,倒地不起,3
7523,价格,3
303,走失,3
153,九江,3
28,洒水车,3
1075,黄金,3
4737,滨州市,3
3994,豪宅,3
7941,愿意,3
1721,驴友,3
1749,交通肇事,3
6511,心机,3
4063,自来水,3
4032,制假,3
377,馒头,3
4055,发作,3
4775,边境,3
1079,欲跳楼,3
1756,列车,3
4772,山火,3
372,三无,3
1731,亟待,3
4028,开房,3
6539,培训,3
6037,惨痛,3
369,天价,3
4034,火车票,3
7945,五个,3
1732,清理,3
7977,的士,3
7931,天理,3
1708,陆丰,3
3967,白酒,3
1062,逃亡,3
4026,上百人,3
4780,楼顶,3
1069,销售,3
1685,禁止,3
1735,不仅,3
387,不会,3
7753,举报信,2
8576,中国籍,2
7492,太坑,2
3100,法规,2
4379,雪天,2
8032,工资,2
4365,致其,2
4383,心梗,2
3120,出庭,2
4381,受损,2
3116,冲动,2
3910,一只,2
4384,独自,2
4378,大巴车,2
3915,又现,2
8573,跨国,2
7762,聊天记录,2
55,追缴,2
5302,水泥地,2
4371,顺德,2
4609,阳台,2
4835,蹊跷,2
4610,流落,2
4608,北路,2
4611,看后,2
5300,来袭,2
7491,华夏,2
7759,宋思睿,2
3112,损伤,2
3997,前夫,2
8029,河池,2
578,支付宝,2
4366,结冰,2
7752,一封,2
4602,火中,2
8577,实习生,2
8578,水道,2
3059,赚客,2
5330,忽视,2
8603,自救,2
4405,白色,2
8604,承德,2
7740,分期,2
7739,医美,2
8608,丽水,2
3049,北京地铁,2
5335,引燃,2
3044,逼停,2
3043,的话,2
3042,戳穿,2
3041,受骗,2
4409,撞断,2
600,身份证号,2
3035,全是,2
3034,油箱,2
4411,看望,2
4413,翼城,2
3026,昨日,2
3060,北京市,2
3061,密云,2
3919,启示,2
7095,检举,2
7750,公寓,2
5311,安全隐患,2
4391,雨中,2
5312,出去,2
584,处分,2
7747,国资委,2
3081,自首,2
4601,十多,2
4396,长途客车,2
3077,高手,2
5329,防水,2
587,窝案,2
3074,爆款,2
7612,奚晓明,2
3071,壮阳药,2
7613,勾结,2
5326,蛇形,2
4834,淹没,2
7090,基层,2
4401,横幅,2
203,挖掘机,2
5290,买烟,2
7110,抽检,2
8505,假酒,2
3223,价值,2
202,法人,2
3218,艺术品,2
7151,经济损失,2
5242,娇妻,2
4767,事儿,2
4860,一小,2
4858,侵袭,2
4855,烤火,2
8504,制售,2
4851,公斤,2
7111,饮具,2
3208,烫伤,2
7592,货船,2
7594,沉没,2
4334,启动,2
7952,子女,2
3203,副行长,2
3892,龙岩,2
3201,中国银行,2
5247,阿婆,2
4009,生态环境,2
552,楼房,2
5232,传出,2
7585,反馈,2
4317,离家出走,2
8470,法拉利,2
5212,上阵,2
4304,赔偿金,2
7426,康姿百德,2
7171,亲戚,2
7169,粗暴,2
4308,出租房,2
3250,识破,2
7427,故弄玄虚,2
8481,卷入,2
7804,窜改,2
3245,岂能,2
544,认错,2
7802,言语,2
3241,是因为,2
5224,成堆,2
5225,臭气熏天,2
7950,看不下去,2
4315,桥面,2
8065,宁远县,2
547,谁家,2
5248,面馆,2
7595,下落不明,2
3196,来不及,2
5280,跨省,2
3149,被诉,2
571,水痘,2
4351,癫痫,2
4617,健身,2
3144,演技,2
3143,五星,2
3141,三次,2
3140,人民币,2
3139,维卡币,2
3134,呼吸,2
4616,冬天,2
4615,漫天要价,2
8555,中方,2
3024,挽救,2
4360,美军,2
7451,医大,2
8034,山西省,2
7112,监督,2
276,民众,2
4612,清楚,2
5293,小事,2
8545,受贿案,2
278,前往,2
4007,关键,2
3155,萝卜,2
8512,合同诈骗,2
566,重视,2
7782,明星,2
4340,好好,2
5255,不管,2
7597,海域,2
7598,广元,2
3181,礼花,2
3175,丧心病狂,2
7955,江河,2
7131,评级,2
3901,队长,2
184,耍赖,2
4841,联系,2
5272,蒙城,2
3905,世界杯,2
3161,逃避,2
3160,涉赌,2
5275,扔进,2
8036,院长,2
183,教科书,2
5349,荷花,2
3013,有些,2
3022,一处,2
2853,招摇撞骗,2
4492,一片狼藉,2
7010,儿女,2
4493,雨雪,2
2859,鱼虾,2
4790,回忆,2
2858,几十万,2
7682,付款,2
3941,晚上,2
2856,养殖池,2
653,水泥,2
7979,几乎,2
3938,迅速,2
5439,指责,2
4498,晋江,2
7480,揭秘,2
4816,德庆,2
656,掉落,2
657,枣庄,2
7476,焦作,2
5446,自贡,2
7680,并且,2
4815,枪手,2
2861,死光,2
2862,分享,2
8626,打断,2
4481,山穷水尽,2
4474,堵车,2
4554,显示,2
2889,福利,2
2888,侵占,2
4553,三百万,2
3980,突遭,2
7024,一个多月,2
4821,皇帝,2
4551,葡萄,2
2882,湖南省,2
2879,类似,2
4490,重型,2
2877,礼品,2
4485,点多,2
2876,扫码,2
4486,高新区,2
2872,当成,2
8717,以后,2
7458,爆光,2
5432,娶妻生子,2
7684,牺牲,2
7013,辞职,2
4542,乱放,2
2835,违约,2
2834,短短,2
7659,扣费,2
7987,垄断,2
670,大街,2
6983,执法人员,2
4518,驾致,2
673,通行,2
7668,通知,2
6979,沧州,2
6978,公安分局,2
6976,督察,2
4520,碰撞,2
6975,一刻,2
7475,桃花,2
8772,白车,2
2782,忽然,2
2781,头顶,2
157,桥墩,2
5478,霸屏,2
2777,获救,2
5479,提现,2
7664,竟敢,2
6973,代驾,2
6971,贪玩,2
2798,随便,2
8760,沃尔沃,2
2800,茂名,2
2801,撞人后,2
8740,贩卖毒品,2
4540,连环撞,2
2831,噩耗,2
6999,挣钱,2
2828,多年,2
4509,魔鬼,2
2825,新华社,2
4512,朝天,2
2824,故事,2
8745,和解,2
2818,爆出,2
4811,巴西,2
2816,批发市场,2
6,真能,2
4513,车头,2
7655,商场,2
8754,甩客,2
2808,怨声载道,2
2806,开门,2
2804,水饺,2
3950,叙利亚,2
8705,淫秽,2
7025,方式,2
8702,隧道,2
60,冷汗,2
4436,一查,2
2989,母婴,2
4438,车轮下,2
2981,灭口,2
2979,上海市,2
5375,堵路,2
4786,机电,2
8655,航行,2
2974,身边,2
4439,聚焦,2
4828,漏水,2
8665,瓦努阿图,2
7974,南充,2
2970,随意,2
3926,一片,2
5383,厕所,2
8662,森林,2
7046,当天,2
5385,何时,2
3927,晕倒,2
252,不堪,2
8020,公款吃喝,2
608,监测,2
3988,靖远县,2
4582,救起,2
5366,黑手,2
7736,商旅,2
3019,婚恋,2
3018,现假,2
4831,伊拉克,2
3015,粮食,2
8465,万买,2
7071,还款,2
5354,管道,2
7735,出行,2
260,权利,2
3922,教育局,2
4589,弥漫,2
4426,临汾,2
3009,眼看,2
8633,搭载,2
4782,所致,2
3002,租车,2
7723,佣人,2
3000,转正,2
7062,虚构,2
2996,中竟,2
2961,共同,2
4572,椒江,2
644,浦口区,2
4468,哥伦比亚,2
2931,想要,2
8680,合资,2
2929,护士,2
7701,债务纠纷,2
8681,车壳,2
8682,易拉罐,2
4463,上学,2
4561,认为,2
2922,不少,2
2921,妇产医院,2
8689,小孩,2
7636,漂移,2
5407,攻击,2
5408,华女,2
4469,篮球队,2
2909,十五,2
4825,修理,2
635,通许,2
2905,维修,2
643,南京市,2
8697,专偷,2
7696,重要,2
2932,账号,2
163,敲诈,2
4826,万科,2
3982,云霄,2
618,审核,2
4569,龙华,2
8666,群岛,2
2955,莆田,2
5386,劣质,2
2952,网警,2
4454,红绿灯,2
2950,及时发现,2
2949,幸亏,2
2947,拖走,2
7044,靖江,2
4564,妹妹,2
2944,猖狂,2
5391,缅甸,2
8673,几年,2
4563,人类,2
2938,怎样,2
5394,一件,2
7040,审计,2
204,权属,2
2934,差价,2
8468,退款,2
3758,一群,2
3268,降级,2
3578,认识,2
7299,说好,2
3587,检察机关,2
334,网游,2
7297,没拿到,2
3585,三名,2
4144,未成,2
4145,还成,2
4918,市区,2
333,沉迷,2
4147,极速,2
3577,终生,2
3787,换来,2
7393,真正,2
4148,车伤,2
4149,人弃,2
7293,狼狈为奸,2
8278,津巴布韦,2
7290,坚决,2
3569,同样,2
7289,官场,2
7288,国资,2
4747,墨尔本,2
4142,怪事,2
5034,孙女,2
3593,暗藏,2
3780,声称,2
3773,吃货,2
4127,电热毯,2
3613,案开庭,2
8252,最终,2
7309,徒弟,2
4720,融创,2
7308,交给,2
7893,电子,2
4132,整整,2
7307,宝贝,2
456,养母,2
3774,海鲜,2
343,昆山,2
7304,雇主,2
8141,贫困,2
4136,维州,2
3599,时隔,2
7533,贫困县,2
4139,寺庙,2
370,进口,2
371,家具,2
4152,哭求,2
8132,之名,2
385,大丰,2
5072,搅拌站,2
5065,厨房,2
5066,原来,2
4162,做案,2
4163,省外,2
8303,抵押,2
4047,石墩,2
4164,遥控,2
3528,藤县,2
3526,掐死,2
4165,人均,2
4166,上吐下泻,2
8284,受了伤,2
5073,躲过,2
3517,傍上,2
3516,龙网,2
4167,婚外情,2
3514,查出,2
4168,砍伤,2
4169,抱起,2
3513,保监会,2
3511,揪出,2
4752,一栋,2
3537,观点,2
4713,面目全非,2
7277,侵吞公款,2
4750,商店,2
412,砖厂,2
3564,陆川,2
4155,马兰,2
3562,裙子,2
5052,鼻子,2
5053,看着,2
3559,性骚扰,2
3558,滴滴,2
332,科长,2
4157,孔祥全,2
3553,打击,2
6313,罪犯,2
7284,万美元,2
7283,试图,2
4158,贪污腐败,2
4159,合阳,2
7278,宋兆儒,2
469,八项,2
3542,将近,2
4748,继续,2
4913,居住,2
4125,灾害,2
3625,罚没,2
3627,四年,2
432,周围,2
4954,劝阻,2
4955,武馆,2
4722,看不见,2
3717,误伤,2
4960,打车,2
4962,排入,2
8187,云阳,2
7358,阳光,2
3709,案情,2
4067,吞噬,2
3706,铲车,2
5012,醒来,2
7514,信用,2
7355,欺压百姓,2
7353,德国,2
4097,渗漏,2
3698,全程,2
8198,庄河,2
4098,灌满,2
4974,海龟,2
4099,百亩,2
4100,人工湖,2
3728,伤势,2
8149,岛内,2
7368,亲儿子,2
4071,一度,2
8155,瑞安,2
3756,悲哀,2
7909,日报,2
3753,审判,2
3752,渎职,2
4934,过后,2
7907,变味,2
7374,客机,2
4939,江北,2
4940,见闻,2
4073,消防设施,2
8152,套房,2
4941,满载,2
8151,高呼,2
3739,回复,2
357,洗钱,2
7526,黑作坊,2
8169,面目,2
7369,不止一次,2
4727,痕迹,2
4089,烟头,2
4721,摩天轮,2
7347,恶毒,2
4977,随手,2
4117,产品质量,2
3659,首个,2
5484,所谓,2
7895,权色,2
4119,名企,2
3767,陷入,2
4121,看准,2
3652,大肆,2
3651,设备,2
3650,租房子,2
3648,硬闯,2
444,年轻人,2
4122,水浸,2
4123,白云村,2
4124,冰冻,2
8231,帮人,2
8232,办事,2
7325,乌克兰,2
11,众怒,2
5009,商品,2
7321,基地,2
3630,阻挠,2
7335,聚众,2
3663,一号,2
3686,对面,2
4990,留下,2
4980,美玉,2
195,抑郁症,2
4102,养鸡,2
4103,换钱,2
4104,凄苦,2
4105,晚年,2
4106,季节,2
3680,讨论,2
3765,刚上,2
367,卖钱,2
3676,驾考,2
4110,方法,2
4111,希腊,2
4987,黄土,2
4112,近十年,2
4113,遂宁,2
3668,早上,2
4114,小作坊,2
4115,棉絮,2
4116,胜华,2
4743,楼体,2
8314,要钱,2
3509,舆情,2
7882,徇私舞弊,2
4251,增至,2
4891,冬季,2
5161,倾倒,2
4247,受不了,2
3349,每人,2
7208,捧腹,2
297,撒泼,2
7206,波士顿,2
8418,免于,2
3343,无语,2
5169,从天而降,2
5171,玻璃,2
8387,运输机,2
4252,事故现场,2
7840,球员,2
3337,不力,2
8424,一道,2
7202,斯特拉斯堡,2
4256,车连撞,2
7839,经纪人,2
3332,玩游戏,2
4671,废气,2
8430,第二天,2
7211,皇冠,2
7844,猫腻,2
4761,泡澡,2
7213,俄罗斯,2
8389,突遇,2
3385,铜陵,2
3384,早安,2
8390,全军覆没,2
4229,席卷,2
4894,三口,2
4232,狂风,2
8102,一推,2
8101,轻轻,2
5145,小汽车,2
3958,撤职,2
3372,退还,2
4682,受灾,2
515,党组,2
5147,遇害,2
3368,江南,2
4680,太弱,2
8099,堪称,2
7556,家园,2
4241,头颅,2
7410,气得,2
527,蔓延,2
4670,油烟,2
7835,名贵药材,2
3298,镇安县,2
4659,夫妇,2
3294,致命,2
3292,特斯拉,2
3290,整形,2
5196,关闭,2
4283,红灯,2
4878,佳木斯,2
293,村长,2
4290,超速,2
3283,门牙,2
4877,裂缝,2
7379,专业,2
8078,李嘉,2
8077,海城区,2
5204,欺负,2
3276,排放,2
3275,散落,2
8076,企业主,2
7502,而且,2
8075,民营,2
3270,出口,2
5193,女士,2
3300,致伤,2
4262,坚持,2
7420,太黑,2
4263,内丘,2
3322,流入,2
3321,腐烂,2
3319,冒死,2
531,青浦,2
4669,食堂,2
5182,不幸遇难,2
8437,高邮,2
4266,车里,2
5183,模仿,2
4268,圣诞,2
4269,集市,2
4664,租户,2
4888,融科,2
5186,烧散,2
4663,暖炉,2
5188,称系,2
8092,不负责任,2
5189,乌龙,2
4277,亚洲,2
7825,环境卫生,2
8388,半空,2
4225,人伤,2
5079,头部,2
3459,太仓,2
5100,扬尘,2
5101,擅自,2
3467,责令,2
4756,结伴,2
7251,过来,2
7249,羊肉,2
189,宝宝,2
4192,脱落,2
3813,建工,2
3460,广西南宁,2
4700,商贩,2
8386,军用,2
488,史上,2
4038,哭诉,2
5110,狮子,2
3452,不已,2
4037,患病,2
4036,五旬,2
4197,老父亲,2
4199,电动,2
7239,崩溃,2
8356,急诊室,2
3471,停职,2
319,初中生,2
481,花季,2
376,包子,2
8320,未成年,2
4176,教练车,2
3499,多元,2
3497,聚众赌博,2
3496,容县,2
4708,遭殃,2
3493,路政,2
3492,洋县,2
4909,拆除,2
4178,街边,2
7260,实在,2
7258,辣椒,2
4753,民政部,2
5092,四个,2
475,押金,2
4180,许昌,2
4181,拖移,2
4705,潜入,2
478,揭开,2
8119,枪毙,2
4042,后备箱,2
7544,药房,2
5118,烟尘,2
5119,狗屎,2
4210,西路,2
4211,十多辆,2
4213,被车撞,2
3406,现已,2
4691,中部,2
400,工商局,2
4030,财物,2
4216,吓死,2
504,政协,2
5136,漫天,2
4217,提示,2
8381,开出,2
7548,下手,2
7549,寒碜,2
8382,时速,2
308,好心人,2
4029,莱西,2
7550,先生,2
5139,天冷,2
3393,化州,2
379,每年,2
4686,东莞,2
3408,瓜子,2
3410,内部,2
8359,撞进,2
5130,曲阳,2
5120,蹲守,2
3438,冻结,2
4757,安吉,2
3820,记录,2
8362,守护,2
494,通信,2
3434,出租屋,2
3433,一怒之下,2
5121,店老板,2
3430,清晨,2
7236,女同事,2
3427,赌资,2
3823,不动产,2
3422,贺州,2
4203,运钞车,2
3418,秘书,2
7865,纵容,2
3416,邵阳,2
3415,小姐,2
4205,纷纷,2
4207,命丧,2
7183,鑫进,2
2900,办公室,2
1136,大盗,2
5770,通道,2
2243,实控,2
6456,无辜,2
2242,标的,2
6746,余吨,2
6132,衡阳,2
2232,独家,2
1612,偷走,2
2230,满身,2
5779,凌源,2
6462,咨询,2
9105,濒危,2
2223,隐姓埋名,2
5781,这份,2
9107,成人,2
2219,受贿罪,2
1622,中国电信,2
5785,盗贼,2
6736,会员,2
2212,我院,2
1629,舒服,2
6732,吨生,2
882,一万次,2
884,解恨,2
1605,间谍,2
875,突袭,2
2284,弹药,2
874,反对,2
2282,储存,2
859,破案,2
5749,荆州,2
2275,交付,2
6446,面包,2
1581,惊呆,2
6147,女星,2
9494,道具,2
6760,番禺,2
119,外泄,2
1591,公司老总,2
5760,疏散,2
2262,高中生,2
1596,同伴,2
6755,执迷不悟,2
1109,情妇,2
869,盗取,2
6753,传统,2
1600,辱警,2
2252,十万,2
6749,诟病,2
6454,车位,2
6455,内心,2
886,大兴,2
887,王超,2
6731,北海,2
9118,两地,2
9134,砍死,2
2170,伙同,2
2169,男科,2
6721,第三方,2
6720,摊主,2
1654,客运,2
1092,彻底,2
900,韩城,2
2158,岳母,2
1662,海上,2
5812,公开审理,2
1665,捕鱼,2
1669,宽带,2
6711,起飞,2
6710,携带,2
1670,修水,2
141,驾驶室,2
9153,扣子,2
2142,有限责任,2
1673,戏精,2
6496,陈欧,2
5822,人贩子,2
5823,扫黑,2
9132,牵手,2
9131,嘉宾,2
9130,温婉,2
1636,青海,2
2202,活埋,2
6117,竟成,2
5794,客户端,2
1631,阻止,2
2196,坚定,2
6116,支架,2
2195,边界,2
6115,指环,2
890,襄阳,2
894,突出,2
6473,逆向行驶,2
6724,请求,2
896,治理,2
2185,三观,2
1640,扒皮,2
1094,征地,2
1642,四口,2
9127,非诚,2
9128,勿扰,2
898,夜查,2
899,行动,2
1645,离奇,2
2283,枪支,2
1573,装有,2
6498,诋毁,2
2382,南非,2
9018,仅收,2
2379,险遇,2
6413,始末,2
2378,游泳,2
1510,事实,2
827,惊天,2
2375,汛期,2
828,秘密,2
1511,婚姻,2
2373,嘉陵江,2
9019,钱物,2
2371,手指,2
6187,常识,2
6414,经过,2
5702,取缔,2
9021,名师,2
6803,最近,2
5704,食物中毒,2
6182,禁驾,2
1520,冲向,2
2365,支公司,2
2364,南昌市,2
1143,余起,2
5701,整改,2
9016,隐蔽性,2
5744,杀妻,2
826,埋藏,2
6819,华通,2
6205,封路,2
2411,刺鼻,2
2410,气味,2
6815,骚扰电话,2
2406,收费站,2
1163,抗诉,2
6813,电网,2
5689,干净,2
1489,隆回,2
114,文明,2
6404,投资者,2
1162,不当,2
115,从未,2
819,设卡,2
1499,的哥,2
5695,赌球,2
6409,人防办,2
6191,车身,2
5700,养鸡场,2
6190,为啥,2
1153,黑社会,2
9015,法制日报,2
1522,帝国,2
2361,容留,2
1523,环球,2
2358,连云港市,2
6791,用假,2
6787,抽头,2
1137,徒手,2
9045,大跌眼镜,2
9517,搬离,2
5726,冻得,2
6164,手持,2
5727,瑟瑟,2
5728,发抖,2
1555,皮肤,2
6162,报假警,2
2305,裁定,2
9057,欢心,2
1563,两家,2
1131,环卫,2
9058,礼物,2
6777,愚弄群众,2
6776,恒大誉府,2
1566,暂停,2
2292,持有,2
9507,免密,2
6772,头发,2
1124,灾情,2
2327,质疑,2
5716,一边,2
9035,黄牛,2
1141,组团,2
2357,第一案,2
2356,移送起诉,2
6418,设计师,2
2353,审理,2
2352,区法院,2
1526,万港元,2
2351,内江市,2
1528,卧底,2
1529,半月,2
6799,扬州,2
2346,观察,2
2332,镇长,2
5710,中南,2
834,不孝子,2
6797,火势,2
2342,石头,2
838,年度,2
839,食品药品,2
2336,不行,2
1139,孟州,2
842,无故,2
6794,无视,2
5824,多项,2
2135,作家,2
2417,江都,2
975,门户网站,2
6024,折射,2
9276,淮南,2
9369,相城,2
6621,挥拳,2
6620,闯灯,2
5936,呼呼大睡,2
978,铜川,2
1936,疯传,2
1934,时代,2
9285,流产,2
5948,走路,2
5949,构成,2
1921,一套,2
1794,海丰,2
1042,农用地,2
5951,垫付,2
1039,石料厂,2
1918,柳州,2
9361,全面,2
6014,产权,2
1805,场地,2
1914,救助,2
6564,开始,2
6622,三字经,2
974,人民政府,2
6641,邹城,2
1953,沦丧,2
1767,快豹,2
6543,检讨,2
9261,手脚,2
1974,国有,2
6545,演练,2
5922,普法,2
6547,开玩笑,2
6629,推诿,2
968,大兴区,2
9379,调查结果,2
1966,新闻资讯,2
1777,工作队,2
5927,负责,2
1963,弄虚作假,2
971,铁岭,2
1960,玩耍,2
6626,点融,2
6550,毒枭,2
1958,姐弟,2
1957,丑陋,2
9271,元扣,2
6026,青少年,2
6625,杠杆,2
5954,牢房,2
1811,追究,2
9300,带头,2
1813,修路,2
1878,培养,2
6590,财金,2
5998,摆设,2
1874,男士,2
5978,收银员,2
1871,封面,2
1870,控制,2
1017,管某,2
6587,海豹,2
1866,汽车站,2
1015,理财,2
5981,丰城,2
6586,一枪,2
5983,追责,2
1838,误判,2
9330,请问,2
1858,黄河,2
6574,唏嘘,2
1856,难道,2
6583,表演,2
5989,猎杀,2
1843,产业,2
1844,生态,2
1881,人性,2
6593,体育,2
1885,检修,2
6601,清远,2
131,恐袭,2
1907,郴州,2
6606,陪读,2
5959,弑母,2
1816,户口,2
1029,炒股,2
1901,上街,2
1900,闹矛盾,2
1027,极差,2
1026,室内,2
96,购物,2
1018,贺某,2
6600,专利,2
6003,拖拉机,2
1826,富融,2
997,地下室,2
1023,恒大,2
6597,外地,2
998,手机信号,2
5970,公告,2
1888,一步,2
1887,讲解,2
1985,暂扣,2
6537,剪刀,2
1679,高铁,2
1699,喜欢,2
6510,帮助,2
2085,汇通,2
2083,三亚,2
2081,强揽,2
2080,划伤,2
1703,再现,2
5859,死亡威胁,2
2075,乌兰察布,2
1706,无辜者,2
2074,前男友,2
2073,传谣,2
6515,门户,2
2069,辟谣,2
2068,点着,2
1711,报案,2
6674,国际航班,2
2064,内蒙,2
9203,黑油,2
1076,掌上,2
6672,行李架,2
5868,新郎,2
5869,含泪,2
5871,冠县,2
6509,打耳光,2
6683,国有资产,2
6642,平阳,2
2089,团队,2
6500,来自,2
1683,乘车,2
6701,龙口,2
2128,屋外,2
1686,新买,2
916,博文,2
924,今日,2
6695,城门失火,2
1688,五公里,2
2117,辆车,2
5839,监委,2
1689,变速箱,2
9177,百只,2
5843,讨债,2
5844,遮挡,2
6078,宝妈,2
2106,集成,2
9181,平果,2
928,损毁,2
5847,聊城,2
5850,见到,2
1698,牢狱之灾,2
932,梅李,2
6065,贩毒,2
942,抛尸,2
6518,海啸,2
5873,高平,2
1744,公职人员,2
1745,红线,2
2025,歧视,2
5894,一句,2
6530,盗卖,2
1750,高级人民法院,2
2017,柴油,2
2016,抛锚,2
954,住房,2
955,城乡,2
6648,伊犁州,2
956,建设局,2
957,规避,2
83,军事,2
6535,拍摄,2
6644,评审,2
2000,发车,2
959,消极,2
960,懈怠,2
5906,以案,2
1993,大庆,2
6042,周末,2
6643,职称,2
1743,养猪场,2
1741,某地,2
1740,一块,2
1725,消防员,2
6063,告上,2
6062,绿卡,2
6519,未发,2
2048,除恶,2
5876,逃逸案,2
5877,霍邱,2
5878,两岁,2
1722,登山,2
1723,百米,2
6520,兴业银行,2
6521,存款,2
5886,做出,2
98,这伙,2
1728,药酒,2
6523,支行,2
6665,大鼻子,2
2039,更是,2
9224,龙虎,2
1734,查后,2
1736,配合,2
6054,山林,2
2035,首都,2
817,工商,2
1845,走廊,2
5518,妙龄少女,2
2522,愤怒,2
6858,计划,2
1193,夸大,2
5517,集体性,2
1428,撞飞,2
8941,入狱,2
5516,年前,2
2520,讲述,2
2529,装饰,2
2519,幸存者,2
2658,破裂,2
715,福建省,2
1432,审判长,2
6851,地产,2
5580,夜店,2
9588,震感,2
777,已婚,2
2727,医院院长,2
6901,弃婴,2
5621,终身,2
6238,心存侥幸,2
1317,热力,2
6236,台州,2
6266,纵火案,2
1316,达标,2
1200,千万别,2
5581,踩踏,2
9590,求婚,2
1238,没人,2
2706,黑客,2
754,咖啡馆,2
2533,受害,2
6861,金矿,2
6352,远离,2
1434,合伙,2
753,猫咪,2
2502,白人,2
1443,不过关,2
6949,危机,2
1306,有鬼,2
6951,期货,2
1242,票据,2
2504,黑人,2
5576,二广,2
9636,威宁县,2
6226,绕行,2
8878,涿州,2
1445,易纲,2
2496,炼山,2
2495,眼神,2
5649,焚尸,2
9656,确定,2
2721,载人,2
2508,美莱,2
1442,质量,2
697,年终,2
2604,徐州市,2
1187,初中,2
6384,地下,2
1308,主流,2
5577,女网友,2
703,省市,2
2512,天府,2
6947,流血,2
1250,宝鸡,2
2513,竟为,2
9655,开采,2
6903,审问,2
722,建筑,2
1246,商行,2
723,剧组,2
6886,大佬,2
1230,抄袭,2
1231,引起,2
1232,热议,2
1367,男性,2
150,想象,2
6888,模范,2
1225,经理,2
6881,公正,2
1244,胜诉,2
6928,东风汽车,2
2664,牵出,2
5603,刀具,2
757,传染病,2
6882,正义,2
5590,自残,2
1371,老年人,2
6929,参股,2
1227,立案侦查,2
2575,安陆,2
6254,县委书记,2
6930,经销商,2
738,心声,2
6359,拐卖,2
5536,试试,2
1334,部队,2
1379,球迷,2
5532,抽打,2
2676,台山,2
1328,技术,2
8835,吴京,2
6338,互不相让,2
5605,做饭,2
9604,一厅,2
1415,人民政协,2
5524,矛盾,2
1214,苏通,2
2688,眼睛,2
6871,美国政府,2
1408,热点,2
5619,残忍,2
2690,女士内衣,2
1212,桂平,2
8825,脸上,2
2694,四起,2
1211,私家园林,2
740,携号,2
5521,说了算,2
1235,都市报,2
1209,偏僻,2
2591,民生,2
739,越来越,2
5613,口袋,2
2687,缺失,2
1218,因犯,2
6244,知网,2
1399,变态男,2
6245,作品,2
1222,兰花,2
6247,指控,2
6876,必须,2
109,海角,2
1393,宁夏,2
8824,好看,2
6926,休息,2
6340,八个,2
2558,追讨,2
1304,升级,2
9635,电机,2
6924,车窗,2
690,走单骑,2
2442,这辆,2
5564,瓦斯,2
2748,踩点,2
2440,音乐网,2
1467,监狱,2
2438,绝望,2
8985,为博,2
2756,手刹,2
1469,怎么回事,2
1280,刑事案,2
689,千里,2
2433,失误,2
6307,交代,2
1470,看来,2
8983,百色,2
1283,当代,2
8982,新型,2
5670,告破,2
5548,摧毁,2
2746,大米,2
6911,腾讯,2
6219,贵港,2
808,汉滨,2
1463,送往,2
1254,出气,2
807,因公殉职,2
1176,毒瘤,2
1287,不孝,2
6831,辅警,2
1178,不倒翁,2
5664,青岛市,2
5674,困难,2
9628,北海道,2
5663,百余人,2
1172,一村,2
6967,执法不公,2
9630,砸死,2
6209,丈母娘,2
1478,一场,2
1276,发展,2
2644,害人害己,2
2767,拿下,2
2430,困境,2
6920,名贵,2
2421,持枪,2
2645,钱包,2
815,亚游会,2
6310,线索,2
5552,犯罪团伙,2
6397,餐馆,2
6824,长沙市,2
2427,成谜,2
5555,垃圾箱,2
6917,经侦,2
6965,溧阳,2
6308,遂川,2
6916,称其,2
1239,透支,2
743,投奔,2
745,城固,2
5559,南部,2
5560,劫匪,2
2760,假证,2
685,九零,2
5676,有无,2
2758,冒烟,2
2624,贝尔,2
2579,定州,2
5651,家庭,2
8871,后终,2
5652,琐事,2
2731,医保,2
8876,提出,2
795,罂粟壳,2
2468,大批,2
696,亡命,2
741,转网,2
2655,跳上,2
799,摊贩,2
694,厂长,2
6907,补贴,2
797,凉皮,2
1262,自称,2
1452,传染,2
2613,气愤,2
2478,开设,2
2473,嫖客,2
1259,眼科医院,2
2474,得知,2
796,熬汤,2
1356,火锅店,2
751,每户,2
2733,教室,2
1184,万恶,2
5573,家暴,2
5502,大喊,2
6351,扒窃,2
6905,嫌疑犯,2
6957,永城,2
8969,找人,2
6297,资格,2
1179,大娲害,2
2609,印章,2
2491,中年,2
691,离职,2
1180,姜少辉,2
2456,王某,2
1298,惊人,2
1455,不配,2
2459,隐私,2
5661,背心,2
5545,仙桃,2
693,劫杀,2
8967,发表,2
2730,套取,2
8968,博士生,2
750,电表,2
794,不好,2
2621,呼和浩特市,2
6954,汤圆,2
6386,被淹,2
7483,全过程,1
7485,广大,1
6534,记录仪,1
7632,经手,1
7498,耽误,1
7484,华山,1
7497,野战,1
6536,败露,1
7505,昙花,1
7639,埃及,1
7486,命根子,1
7504,泄私愤,1
6531,拆东补西,1
7490,营销网,1
7635,冰上,1
7499,多花钱,1
6529,停火,1
7500,涨价,1
7501,坑钱,1
7489,天理难容,1
7638,录像,1
6528,宣布,1
6525,办到,1
7637,两条,1
6342,定性,1
7488,肛肠,1
6527,雇佣兵,1
6343,刘翔,1
6524,能够,1
7503,肝病,1
6532,大仙,1
7494,效果,1
7487,远大,1
7634,潮白河,1
7495,拜尔,1
7633,张女士,1
6526,西方,1
7496,口腔医院,1
6533,施法,1
6344,婚期,1
7564,奖励,1
7482,妇科,1
7447,结合,1
7448,腋臭,1
6570,小卖部,1
7654,乐虎,1
7449,亚韩,1
7450,仁爱医院,1
6569,他害,1
7653,淘宝,1
6319,脆弱,1
6320,取证,1
7652,产下,1
6568,吸金,1
6567,发生爆炸,1
7651,泾县,1
7452,宁德市,1
6321,禁用,1
7650,速递,1
6322,无聊,1
7649,圆通,1
6323,巡逻,1
7453,无德,1
6324,配乐,1
6325,鬼子,1
6563,满足,1
6562,对此,1
6561,千块,1
6571,乱花钱,1
6572,婆媳,1
6559,恋爱,1
6318,翻供,1
7431,鼠药,1
7432,厕灵,1
7433,消毒液,1
6576,投江,1
7434,混用,1
7435,炭火,1
6575,芜湖,1
7436,安神,1
6315,章莹颖案,1
7437,大骗子,1
7658,足有,1
7438,黑心钱,1
6573,店员,1
7439,报应,1
7440,阿波罗,1
7441,转贴,1
7442,生殖,1
7443,余姚,1
7657,一箱,1
6316,前妻,1
7656,收下,1
7444,惠民,1
7445,割包皮,1
6317,当庭,1
7446,中西医,1
6560,非法拘禁,1
7456,儿科,1
6337,挪车,1
6549,等待,1
6333,啤酒,1
7644,保命,1
7469,附属,1
7470,儿科医院,1
6546,纯真,1
6334,混淆,1
7643,斑马,1
6335,特大案件,1
7471,照阁,1
7472,中医,1
7473,脑康,1
6544,防拐,1
7474,卑鄙无耻,1
6336,买菜,1
7642,条纹,1
6542,批评,1
7477,谋财害命,1
7478,成天,1
7479,苦瓜,1
6541,鹤山,1
7641,黑白,1
7481,和平医院,1
6540,两千多万,1
6538,买下,1
7640,动物园,1
6548,输光,1
7468,复旦大学,1
7457,赚黑心钱,1
7467,正骨,1
6558,开灯,1
6557,头上,1
7648,绑定,1
7459,耳蜗,1
7647,不批,1
6326,进村,1
6556,声响,1
7460,永久,1
6555,听见,1
6327,受到,1
7646,蓝思,1
7645,中毒者,1
6553,暗中,1
6552,工友,1
6328,电死案,1
7461,男健,1
6329,新进展,1
7462,欧亚,1
6551,干掉,1
7464,粤波,1
6330,买车,1
6331,慎重,1
6332,德清,1
7465,耳科,1
7466,专不,1
6345,临近,1
7520,国产,1
7631,由其子,1
6385,进水,1
6440,機均,1
7539,加工,1
6439,頭和司,1
7590,售出,1
6438,包工,1
7589,汉堡,1
7540,鸭血,1
6437,客車,1
7541,肮脏,1
6436,核載,1
7588,肉松,1
6435,生命垂危,1
7542,腥臭,1
6433,汉寿,1
7584,班费,1
7543,全部都是,1
6387,早餐,1
6432,恰好,1
7545,有失公允,1
7430,食用,1
7587,一饼,1
6430,慈善,1
7546,续断,1
6429,拉客,1
6428,排除,1
7586,儋州,1
6427,至涉,1
6426,游说,1
7591,洛阳市,1
6441,萬州,1
7593,遇险,1
6442,開展,1
6457,屁股,1
7603,机长,1
7602,全日空,1
6377,直斥,1
7601,国米,1
6453,小客车,1
6452,捐款,1
7600,原两高管,1
6378,十楼,1
6379,太婆,1
7599,抗癌药,1
6450,位是,1
6449,違法,1
6380,抛物,1
6448,五種,1
6447,車涉,1
7596,杂货船,1
6381,影响力,1
6382,评选,1
6383,碎尸案,1
7535,高集,1
7536,解放军,1
6445,一輛,1
7537,顶级,1
6444,專項,1
7538,芯片,1
6443,百日,1
6425,四次,1
6424,赔付,1
7604,酒精,1
6407,披露,1
6412,反杀案,1
7558,蔬菜,1
6394,逮捕,1
6395,可获,1
7571,增加,1
7559,残留,1
7560,李先生,1
6411,完整,1
105,文章,1
7570,冰下,1
7561,优客逸家,1
6408,桂林市,1
7569,误食,1
6396,章贡区,1
6388,雨湖区,1
6406,明州,1
6405,刘强,1
7568,老鼠药,1
6398,外排,1
7567,违禁,1
7566,投放,1
6403,引诱,1
6399,到位,1
6402,一伙,1
7562,安全监管,1
6400,已封,1
6401,带单,1
7563,侮辱性,1
7572,甜味,1
7573,添加,1
7574,清甜,1
7575,教科,1
7547,离异,1
6423,履行,1
6422,方不,1
6389,云塘,1
6421,潍坊市,1
7583,补课费,1
6420,监禁,1
6419,珍稀动物,1
7582,收取,1
7581,树德,1
6417,高尔夫球场,1
7580,永兴县,1
33,五洲,1
7553,只奖,1
7579,郴州市,1
6390,停业,1
7554,逗你玩,1
6391,河北省,1
6416,解析,1
6392,赵文清,1
6415,回顾,1
7578,废物,1
7555,家美佳宝,1
7577,万到,1
7557,散装,1
7576,上缴,1
6393,决定,1
6458,有点,1
6376,腹部,1
6346,女方,1
7521,神车,1
6504,先找,1
6503,出院,1
7515,下调,1
7516,民办,1
7517,择校费,1
7518,自愿,1
7620,采购,1
6502,网瘾,1
7519,捐助,1
7619,四千万元,1
7565,延吉,1
7618,太忙,1
6501,万治,1
6353,区块,1
7616,耻辱,1
7522,不怕死,1
6354,亮碧思,1
7524,假货,1
6499,现身,1
6355,芝罘,1
7525,只卖,1
6356,邓州,1
7617,蜂蜜,1
6357,美少女,1
6497,原源,1
7527,洗脸,1
99,自已,1
7528,水泡,1
6505,女童遭,1
7621,周先生,1
6506,严惩,1
7622,患有,1
7506,尼泊尔,1
7630,谋私,1
6347,悔婚,1
7629,宾实,1
6517,印尼,1
6516,海底,1
6348,气哭,1
7507,东南部,1
7628,成群,1
6349,扒手,1
6350,偷钱,1
7627,白蚁,1
7626,木柜,1
7508,疾病,1
6514,狗牌,1
6513,女慌,1
7625,公开信,1
7624,郁亮,1
6512,看出,1
7509,染病,1
7510,肉业,1
7623,肠胃炎,1
7511,巨头,1
6508,有力,1
6507,施暴者,1
7512,众品,1
7513,债务,1
107,天涯,1
7615,司法界,1
7605,执飞,1
6374,山西太原,1
6475,追击,1
6474,夺命,1
6369,窗台,1
7608,灰渣,1
6472,拦截,1
6471,费能,1
7607,核三,1
7530,成本,1
7531,吉林省,1
6370,救下,1
6371,调侃,1
6372,神效,1
6373,降血糖,1
6470,镶牙,1
7529,黄豆,1
7532,畜牧,1
6469,三颗,1
6468,一颗,1
6467,中撞断,1
7534,支队,1
6466,离去,1
6465,独自一人,1
6464,神智不清,1
6463,聚会,1
6375,三角恋,1
7606,连累,1
6461,你好,1
6460,黑色链条,1
6476,粪袋,1
7609,辐射,1
6368,消防队员,1
6367,分手,1
6360,桐庐,1
103,作文,1
6492,半个,1
6491,亲戚家,1
7614,掮客,1
6490,长枪,1
6361,形式主义,1
6489,装备,1
6488,身穿,1
6487,精神分裂,1
6486,孩并,1
6362,官僚主义,1
6485,兴文县,1
6484,宜昌,1
6363,杨氏,1
6483,斗牛,1
104,一篇,1
6481,净网,1
6480,砂霸,1
6479,大战,1
6364,正当防卫,1
7611,孟建柱,1
6365,无罪释放,1
6478,坠毁,1
6477,孤岛,1
6366,防卫,1
7610,县府,1
6970,化龙巷,1
7331,蓝天白云,1
7429,半点,1
6829,詹士,1
7119,古汉,1
6830,搜索网,1
7118,一霸,1
6832,娱乐场所,1
7117,下级,1
7116,渔色,1
7115,卖官,1
7114,房烽辉,1
6833,兼职,1
7113,受罪,1
6835,爱美,1
6836,消防队,1
6837,盗鱼,1
6838,逃离,1
6839,试机号,1
6840,预测,1
7107,批次,1
7120,台网,1
7121,流连,1
6784,后患无穷,1
7122,应酬,1
7136,中学老师,1
7135,黄果树,1
7134,亲生,1
7133,怒极,1
7132,博评,1
7130,濮温,1
6825,余易贷,1
7129,祝贺,1
6826,甘肃省,1
7128,首相,1
7127,挪威,1
7126,成林,1
7125,游玩,1
6827,酒泉市,1
7124,红颜,1
7123,胡吃海喝,1
6828,魏恒学,1
6841,收受贿赂,1
6842,为涉,1
7105,鲁维林,1
56,山海,1
6854,三线,1
7091,路障,1
6855,断崖,1
6856,下滑,1
6857,两期,1
6859,波兰,1
6860,人遇,1
6862,吸储,1
6863,高通,1
7089,虐心,1
6864,无线,1
6865,欧美,1
7088,痛哭,1
6866,股市,1
7087,点滴,1
6867,真涉,1
6868,纠集,1
7093,超速行驶,1
7094,廉政公署,1
6853,回暖,1
6848,招工,1
6843,黄赌毒,1
7103,转帖,1
6844,场所,1
75,再起,1
6846,出家人,1
7102,混乱,1
6847,禽兽,1
7101,积案,1
6852,成交,1
6849,强迫,1
7100,建川,1
7099,历史名人,1
7098,避孕套,1
7097,倍力乐,1
6850,马拉松,1
7096,违法乱纪,1
7137,寻衅滋事,1
7138,法邦,1
6823,大坝,1
7167,大叫,1
7185,求情,1
7184,拦停,1
7182,预谋,1
6800,杭集,1
6801,牙刷,1
7181,夺枪,1
7180,乐子,1
6802,作坊,1
7179,狙击枪,1
7178,为所欲为,1
7177,黑帮,1
7176,不惜,1
7175,扫货,1
7174,酷爱,1
53,主体,1
7172,砖块,1
7170,滥用权力,1
7186,恼羞成怒,1
7187,禁行,1
6798,汹涌,1
6792,清查,1
6785,衡东县,1
7195,袒护,1
6786,吉平,1
7194,变现,1
6788,八千,1
6789,在校,1
6790,人后,1
7193,执法权,1
7188,退役军人,1
6793,中博,1
7192,光明网,1
7191,水晶,1
6795,规划,1
6796,舟山,1
7190,抵制,1
7189,旗号,1
7168,消防大队,1
7165,抗法,1
7139,舞步,1
7164,假期,1
6812,私设,1
6814,致人亡,1
7148,屋塌,1
7147,蒙自,1
6816,标记,1
6817,赤峰,1
6818,呵斥,1
7146,气氛,1
6820,交易市场,1
6821,病患,1
7145,赛后,1
7144,多克,1
7143,组合拳,1
7142,泰森,1
7141,动刀,1
76,波折,1
7140,竞争,1
7149,路断,1
6810,误信,1
7150,田毁,1
7158,最美,1
7163,万安,1
7162,公顷,1
7161,数百,1
7160,瑞士,1
6804,悲伤,1
6805,变烤,1
6806,爱特佰康,1
7157,无可奈何,1
6809,分销,1
7156,老农,1
7155,庄稼,1
6807,净水器,1
54,供暖费,1
6808,八级,1
7153,日益,1
7152,野猪,1
7086,子弹,1
7085,傻子,1
7084,塘主致,1
7003,字节,1
6936,古蔺,1
6937,年内,1
7017,名省,1
7016,集中性,1
7014,地税局,1
6939,名高管,1
7011,顾及,1
6940,因看,1
6941,案发,1
7009,贾利宾,1
6942,京山,1
7008,远海,1
6943,计生办,1
7007,坠崖,1
7006,一驴友,1
7005,房山,1
6944,两党,1
7018,厅级,1
6935,兰考,1
7020,假单,1
7028,亚特兰大,1
6922,石家庄市,1
6923,一月,1
7031,次收,1
7030,以权谋私,1
6925,紧闭,1
7661,死不明,1
7029,坠机身亡,1
7027,陈玮,1
6934,照镜子,1
7026,飞翔,1
64,土坯房,1
7023,进驻,1
6931,中视,1
7022,巡察,1
7021,之声,1
6932,快报,1
7004,跳动,1
6945,斗狠,1
7032,高雅,1
7002,早报,1
6985,风波不断,1
6958,建行,1
6959,开网,1
6984,负面,1
6960,放行,1
6982,营口,1
6981,冰窟窿,1
6980,掉入,1
6961,次亮,1
6977,反影,1
6962,灯下,1
6963,老同事,1
6974,亲历,1
6964,两路,1
6966,上兴,1
6972,手臂,1
6968,龙城,1
6986,市委书记,1
6987,刘小华,1
6956,气管,1
6996,新宁,1
6946,美股,1
6948,停摆,1
7000,能力,1
6950,磋商,1
6997,一渡水,1
6952,蒸蒸,1
6953,无牌,1
6995,西陵,1
6988,上吊自杀,1
6994,确权,1
6993,九组,1
6992,田凼村,1
6991,新化县,1
6990,保健,1
6955,堵住,1
6989,百亿,1
6921,倒入,1
7033,嘉善,1
6869,滋扰,1
7059,沙发,1
7072,窃贼,1
6884,州长,1
6885,空难,1
7070,贷乱,1
7069,卡卡,1
6889,取得,1
7068,维信,1
7067,人民警察,1
7066,光环,1
6890,国籍,1
7065,问询,1
6891,净土,1
7064,方正科技,1
7063,增厚,1
6892,沦为,1
7061,喊话,1
7060,卡住,1
6883,上任,1
7073,瞄准,1
74,军火交易,1
7080,拓印,1
6870,遣责,1
7083,电击,1
7082,电鱼,1
6872,践踏,1
6873,人权,1
7081,池塘,1
6874,野蛮暴行,1
6875,加拿大政府,1
7074,包裹,1
7079,邮票,1
7078,狂收,1
7077,好处,1
7076,易货,1
6877,无条件,1
6878,释放,1
6879,孟晚,1
73,土俄,1
6894,重灾区,1
7034,同校,1
6895,贪污贿赂,1
6908,关门,1
6909,豆农,1
7043,安居工程,1
70,烤肉,1
6912,分分彩,1
7042,保障性,1
6913,走势图,1
7041,百亿元,1
6914,企业家,1
68,曾经,1
6918,支队长,1
7039,已然,1
7038,计酬,1
7037,多层次,1
6919,王晓光,1
7036,切入点,1
7035,宇航,1
72,难吃,1
7045,喝药,1
6904,拐卖儿童,1
7052,飞驰,1
7058,上犹,1
57,手机号,1
58,开头,1
6896,新闻报道,1
7055,手机游戏,1
7054,奶企,1
7053,倒奶,1
6897,财新网,1
6902,小毛,1
6898,中化,1
7051,半路,1
6899,蔡希有,1
6900,德化,1
7050,叫代驾,1
7048,高二,1
7047,松花,1
7196,老百姓,1
7197,三联,1
6577,问及,1
6638,右玉,1
6639,堡子,1
7349,内生,1
6640,王建峰,1
7348,恶犬,1
7346,干的事,1
7345,暗杀,1
7344,人物,1
86,闲鱼,1
7343,开邦,1
6647,身心健康,1
7342,劳工,1
7341,小泽君,1
7340,比武,1
7339,夫妇关系,1
6649,巴中,1
7338,指使,1
6650,秦鼎,1
7350,喂养,1
7351,以街,1
6783,得过且过,1
7352,被车,1
6627,网债,1
7363,期待,1
6628,客户经理,1
7362,暗无天日,1
7361,泼妇,1
7360,不讲理,1
6630,服务态度,1
7359,连线,1
6631,低下,1
6633,商机,1
7357,当事,1
6634,互联,1
6635,妇科医院,1
7356,剥夺,1
6636,专门,1
7354,违章操作,1
6637,阳煤,1
7336,对着干,1
6651,商贸,1
6652,董事,1
7334,以毒,1
6662,邯郸,1
6663,永年,1
7320,萨德,1
6664,广潮,1
7319,视讯,1
6666,我盗,1
7318,真人,1
7317,尿急,1
7316,班车,1
7315,婺源,1
7314,讨租,1
6667,楼自,1
7313,租客,1
7312,师父,1
7311,虚荣,1
7310,爱慕,1
80,成美,1
46,砸机,1
45,水泥块,1
7324,规律,1
6657,南非兰特,1
7333,沆瀣一气,1
6653,法定代表,1
7332,一窝,1
6654,凤林,1
82,牺牲品,1
81,交锋,1
6969,茶座,1
7330,志伟,1
6661,投网,1
7329,雄心,1
6658,巴巴多斯,1
6659,只要,1
7328,阿根廷,1
7327,紧缩,1
6660,富赢,1
7326,议会,1
7364,给予,1
7365,非人类,1
7366,待遇,1
7397,师长,1
7408,剪开,1
6589,新鲜,1
7407,慢慢,1
6592,发电,1
7406,床下,1
7405,感觉,1
6594,根雕,1
7404,第一面,1
6595,面积,1
7403,黑工,1
7402,泪目,1
7401,失尽,1
6596,平米,1
6598,讹诈,1
7400,债转,1
7399,提审,1
6599,五十元,1
6588,生吃,1
7411,浑身,1
7412,哆嗦,1
7423,功德,1
6578,挑挑,1
6579,客气,1
7425,太无德,1
6580,推出,1
6581,真空,1
6582,轮番上阵,1
7424,腋秀,1
6584,场面,1
6585,不堪入目,1
7421,天空,1
7419,博爱医院,1
7418,森警,1
7417,白鹭,1
7416,利欲熏心,1
7415,巨超,1
42,梦想,1
7398,单独,1
7396,叛变,1
7367,夜航,1
90,代付款,1
7381,芝加哥,1
6614,照亮,1
6615,夜空,1
6616,新媳妇,1
6617,过门,1
6618,家里人,1
6619,做假账,1
7378,空中,1
7377,机身,1
7376,粘附,1
7375,滑行,1
6623,今日说法,1
6624,富盈,1
7373,雪地,1
7372,调皮,1
7371,孤存,1
7370,狼心狗肺,1
7382,撕心裂肺,1
7383,呼喊,1
7384,此时,1
7392,解剖,1
87,网上交易,1
6604,维持,1
6605,奢侈,1
7395,部署,1
7394,军长,1
6607,太平洋,1
6608,舰队,1
7391,蓝洁瑛,1
7385,懊恼不已,1
44,暴富,1
6609,军舰,1
7389,孙殿英,1
7388,不了了之,1
7387,盗墓,1
7386,东陵,1
6610,龙门镇,1
6669,携款,1
6670,品牌网,1
7306,墓穴,1
6754,两千万,1
7233,窝囊,1
7232,民屋,1
7231,上百,1
6739,不为,1
6740,做主,1
7230,横扫,1
7229,台风,1
7228,玉兔,1
7227,水鹿,1
6744,数千名,1
7226,钟爱,1
7225,其肉,1
6747,现烤,1
77,鱼熊,1
7224,后食,1
6750,临颍县,1
6751,尿盆,1
7234,一旁,1
6738,长卜连海,1
7235,熊猫,1
7241,平乡县,1
6726,邵阳县,1
7246,超级,1
7245,秦岭,1
6727,九公桥,1
6728,供销社,1
7244,背书,1
7243,国土局,1
7240,泪人,1
6737,包头市,1
6729,情况危急,1
7238,找回,1
6730,东兴区,1
6733,芒果,1
6734,误导,1
6735,充值,1
7237,丢掉,1
6752,范畴,1
6756,小家庭,1
7248,空运,1
7223,动物,1
7210,酒吧,1
6773,头亡,1
7209,加州,1
6774,东海,1
6775,银色,1
7207,犹太人,1
7205,橡树,1
7204,多灾多难,1
7203,市中心,1
6778,邮件,1
6779,亚马逊,1
6780,买家,1
7201,犹太教,1
7200,杂谈,1
6781,南巷,1
6782,衰退,1
7198,生存,1
6771,猪场,1
6770,黄埔,1
7212,巴黎,1
6764,爱奇艺,1
7222,女猎手,1
6757,年用,1
6759,他家,1
6761,高清,1
6762,正版,1
7220,人质,1
6763,观看,1
6765,刻意,1
7214,喀山,1
6766,隐瞒,1
7218,恐怖分子,1
6767,时刻,1
7217,加利福尼亚,1
7216,报纸,1
6768,首现,1
7215,住院治疗,1
7247,藏獒,1
6725,严厉查处,1
7305,友善,1
6700,漂白,1
6688,大型,1
6689,大片,1
7287,快感,1
7286,男主播,1
6690,库房,1
7282,创始人,1
6691,烧塌,1
7281,交易所,1
7280,申张,1
7279,难得,1
6692,热气球,1
6693,升空,1
6694,吊篮,1
6696,殃及池鱼,1
6697,智能手机,1
6698,市场疲软,1
6699,机床,1
6687,新裕,1
6686,本地,1
6685,母子,1
6678,表弟,1
7303,农夫,1
7302,荔枝,1
7301,作祟,1
6676,表哥,1
7300,虚荣心,1
6677,手把手,1
7298,六十万,1
7296,办理,1
6684,流失,1
6679,开进,1
7295,维修费,1
6680,田里,1
6681,平度市,1
6682,投标,1
7292,官商勾结,1
7291,裙带关系,1
7276,绯闻,1
6702,花雨,1
7250,住户,1
6703,最早,1
6714,山里,1
6715,武器,1
7263,作业,1
79,兼顾,1
6717,螃蟹,1
7262,赤身,1
7261,零度,1
6719,比价,1
7259,瘫倒,1
6722,抢票,1
7257,不惜一切,1
7256,拆迁办,1
7255,大白天,1
6723,密码,1
7254,众兴镇,1
7253,泗阳县,1
7252,不讲道理,1
7264,硫磺,1
7265,熏制,1
6713,千万元,1
6707,知法犯法,1
7275,可儿,1
6704,言情小说,1
7274,几十亿,1
7273,盖茨,1
6705,出版,1
6706,金币,1
7272,通缉,1
7271,收入,1
7266,私卖,1
7270,利用职权,1
6708,监守自盗,1
6709,新蓝网,1
7269,人事,1
7268,挂靠,1
7267,餐桌,1
6712,公检法,1
7660,俄一,1
8129,盘踞,1
7662,医师,1
9033,马达加斯加,1
9046,救护车,1
9044,飞吻,1
9043,技师,1
9042,休息室,1
9041,浴场,1
9040,押回,1
9039,妇产科,1
9038,景点,1
9037,龙虎山,1
9036,带客,1
9034,鹰潭,1
9032,变色龙,1
9048,躲避,1
9031,人绝,1
9030,接送,1
9029,讨饭,1
9028,得逞,1
9027,终没,1
9026,挣脱,1
9025,声东击西,1
9024,怒扇,1
9023,查车,1
9022,菜农,1
9020,泳装,1
9047,慌张,1
9049,露马脚,1
9014,特产,1
9065,三份,1
9076,面试,1
9075,贵人,1
9074,舞蹈系,1
9073,张志国,1
9072,村原,1
9071,万泉,1
9070,东营区,1
9069,扎伤,1
9068,利器,1
9067,体贴,1
9066,养家,1
9064,同归于尽,1
9050,腰腹,1
9063,托人,1
9062,渠道,1
9061,轻信,1
9060,一层,1
9059,油炸,1
9056,杨周武,1
9055,埋尸,1
9054,棍殴,1
9053,继父,1
9052,尿裤子,1
9051,入境,1
9017,个别,1
9013,面膜,1
8950,刚出,1
8965,几十吨,1
8980,低价,1
8979,喧哗,1
8977,发短,1
8976,过瘾,1
8975,内先,1
8974,瘾君子,1
8973,售价,1
8972,进价,1
8971,暹罗,1
8970,饲养,1
8966,瞄上,1
8964,一时,1
8984,首饰,1
8963,龙岗,1
8962,货箱,1
8961,九个,1
8960,征收,1
8959,是非,1
8957,争斗,1
8956,小姐姐,1
8955,以案释法,1
8954,曲某,1
8953,盗销,1
8952,老相识,1
8981,作饵,1
8986,青睐,1
9012,红斑,1
9000,水果刀,1
9011,起满,1
9010,满月,1
9009,挤进,1
9008,汽修,1
9007,民辅警,1
9006,已晚,1
9005,现原形,1
9004,铁证,1
9003,太子,1
9002,狸猫换,1
9001,意想不到,1
8999,高青,1
8987,助理,1
8998,乘警,1
8997,袜子,1
8996,基金,1
8995,假发票,1
8994,承认,1
8993,主动,1
8992,走走停停,1
8991,淫秽物品,1
8990,全打赏,1
8989,骗来,1
8988,骗财,1
9077,中国台湾,1
9078,元领,1
9079,逗留,1
9159,不止,1
9170,死因,1
9169,查明真相,1
9168,顶替,1
9167,火腿肠,1
9166,某以,1
9165,山区,1
9164,美媒,1
9163,秘鲁,1
9162,围标,1
9161,鑫成,1
9160,多易,1
9158,腹痛,1
9172,诗歌,1
9157,厘子,1
9156,颗车,1
9155,一口气,1
9154,返回,1
9152,貂皮大衣,1
9151,大娘,1
9150,最笨,1
9149,安东尼,1
9148,订购,1
9147,酒标,1
9146,印刷,1
9171,拼命,1
9173,迷恋,1
9080,野鸳鸯,1
9191,撤出,1
9202,比买贵,1
9201,墙壁,1
9200,大使馆,1
9199,聊城市,1
9198,吴声,1
9197,变丑,1
9196,白马王子,1
9195,魂牵梦萦,1
9194,散心,1
9193,溜达,1
9192,半斤,1
9190,雀巢,1
9174,危改,1
9189,迪士尼,1
9187,色情,1
9186,包含,1
9185,发人深省,1
9184,逼死,1
9183,十二岁,1
9182,煤气罐,1
9180,水族馆,1
9179,猎续,1
9176,一骗,1
9175,补助款,1
9145,仿冒,1
9144,葡萄酒,1
9143,天娜,1
9093,攀枝花,1
9106,走私车,1
9103,制贩,1
9102,余元,1
9101,莱州,1
9100,法网恢恢,1
9099,宴上,1
9098,生日,1
9097,蜡梅,1
9096,两株,1
9095,爱花,1
9094,胆太肥,1
9092,互殴,1
9142,名酒,1
9091,销案,1
9090,大英县,1
9089,饮料,1
9088,宣称,1
9087,暴利,1
9086,丰胸,1
9085,别笑,1
9084,供电站,1
9083,大江,1
9082,花石,1
9081,湘潭县,1
9108,不服,1
9109,遭恶,1
9110,伯母,1
9111,女服务员,1
9141,所有人,1
9140,晨汇,1
9139,广报,1
9138,提前,1
9137,花钱,1
9136,区长,1
9135,一原,1
9133,婚变,1
9129,台上,1
9126,小学文化,1
9125,风水先生,1
9124,固城,1
9123,风水,1
9122,孪生兄弟,1
9121,知原,1
9120,有术,1
9119,分身,1
9117,同一时间,1
9116,瘦肉精,1
9115,含有,1
9114,牛肉,1
9113,专卖店,1
9112,别买,1
8951,监所,1
8949,获判,1
9205,帮衬,1
8788,终审判决,1
8799,看热闹,1
8798,判罚,1
8797,远光灯,1
8796,滥用,1
8795,涟水,1
8794,早点,1
8793,不如,1
8792,高中,1
4,张涛,1
8790,赔一,1
8789,退一,1
8787,车队,1
8801,大一,1
8786,储备,1
8785,报废车,1
8784,危化品,1
8783,联动,1
8782,西和县,1
8781,匝道,1
8780,酒治伤,1
8779,喝瓶,1
8778,报名,1
8777,就业,1
8776,今后,1
8800,逮个,1
8802,遭性,1
8774,致一人,1
8816,国家级,1
8829,满脸,1
8828,以下,1
8827,胸部,1
8826,扎洞,1
8823,嘀嗒,1
8822,车出,1
8821,顺风,1
8820,撒酒疯,1
8819,交巡警,1
8818,冲卡,1
8817,不上,1
8815,没事儿,1
8803,侵后,1
8814,一挤,1
8813,乘坐,1
8812,挡风玻璃,1
8811,实载,1
8810,核定,1
8809,凉凉,1
8808,不堪入耳,1
8807,鄱阳,1
8806,善良,1
8805,撩妹,1
8804,碾尸,1
8775,一缓,1
8773,粉碎,1
8948,诉讼案,1
8725,售票员,1
8737,大年初一,1
8736,中年男子,1
8735,唐神,1
8734,想起,1
8733,沙雕,1
8732,第一个,1
8731,猪年,1
8730,坑娃,1
8729,亲爹,1
8727,载俩,1
8726,谎言,1
8724,有车,1
8739,彭晓娟,1
8723,闯祸,1
8722,油门,1
8721,易读,1
8720,其他,1
8719,快艇,1
8718,普吉,1
8716,刑满,1
8715,两轮,1
8714,赖账,1
8713,座位,1
8712,手镯,1
8738,压惊,1
8741,罪一,1
5,宣国,1
8758,鸳鸯,1
8770,研判,1
8769,视后,1
8768,下坠,1
8767,急速,1
8766,一身,1
8765,三层,1
8764,住宅,1
8763,对比,1
8762,轩逸,1
8761,日产,1
8759,向东,1
8757,天定,1
8742,案二审,1
8756,连霍,1
8755,拒载,1
8753,黄花,1
8752,专骗,1
8750,机会,1
8749,酒精度,1
8748,友联,1
8747,无棣县,1
8746,刘会民,1
8744,老人家,1
8743,二次,1
8830,冰城,1
8831,男医生,1
8832,看病,1
8906,时剐,1
8917,霸道,1
8916,撞入,1
8915,不及,1
8914,避让,1
8913,过快,1
8912,车速,1
8911,花样百出,1
8910,包围,1
8909,中州,1
8908,拦路,1
8907,大奔,1
8905,竞驶型,1
8919,一针见血,1
8904,追逐,1
8903,梁溪,1
8902,二轮,1
8901,粉红色,1
8900,追逃,1
8899,玩大,1
8898,钻出来,1
8897,爆胎,1
8896,科三,1
8895,树木,1
8894,义务,1
8918,新阳,1
8920,渝北,1
8833,走红,1
8935,电子眼,1
8947,附带,1
8946,食品安全,1
8945,怂恿,1
8944,枕边风,1
8943,一卫计,1
8942,暴增,1
8940,偷吃,1
8939,嘴馋,1
8938,扣光,1
8937,美术馆,1
8936,拍得,1
8934,一举一动,1
8921,时忙,1
8933,驾驶座,1
8932,抱到,1
8931,不误,1
8929,亲情,1
8928,精灵,1
8927,美华裔,1
8926,内附,1
8925,果断,1
8924,无效,1
8923,男酒,1
8922,南山路,1
8893,动画片,1
8892,定格,1
8891,青春,1
8847,飞洲,1
8858,布鞋,1
8857,穿红,1
8856,纱巾,1
8855,粉红,1
8854,火影,1
8853,塞进,1
8852,快车,1
8851,江津,1
8850,主责,1
8849,崇明,1
8848,说明,1
8846,消保委,1
8890,帅气,1
8845,压死,1
8844,循线,1
8843,全系,1
8842,料想,1
8841,亲朋,1
8840,海之蓝,1
8839,富养,1
8838,老实,1
8837,津一,1
8836,郎永淳,1
8834,成龙,1
8859,睡满,1
8860,查截,1
8861,株洲,1
8862,人负,1
8889,刘川镇,1
8888,锡林郭勒盟,1
8887,时车,1
8886,最多,1
8884,矿企,1
8883,麻崖梁,1
8882,武都,1
8881,细碎,1
8880,驾路,1
8879,一毒,1
8877,推脱,1
8875,玉溪,1
8874,东家,1
8873,潜回,1
8872,恶俗,1
8870,荣成,1
8869,改气,1
8868,油费,1
8867,节省,1
8866,大湘,1
8865,支持,1
8864,万获,1
8863,追偿,1
9204,平时,1
9206,加泰,1
8710,送上,1
9512,再拿命,1
9524,边上,1
9523,蛀虫,1
9522,兴业,1
9521,好处费,1
9520,再审,1
9519,壁虎,1
9518,辛苦,1
9516,强占,1
9515,阻断,1
9514,社会纵横,1
9513,速冻,1
9511,二胎,1
9526,德云社,1
9510,漏洞,1
9509,免签,1
9508,盗刷案,1
9506,小额,1
9505,中国银联,1
9504,杨沁,1
9503,牛排,1
9502,胶水,1
9501,买到,1
9500,起充,1
9499,最低,1
9525,年饭,1
9527,苗阜,1
9497,没用,1
9541,甩鍋,1
9552,中福,1
9551,中新网,1
9550,船东,1
9549,船长,1
9548,认可,1
9547,签名,1
9546,歧义,1
9545,封存,1
9544,全称,1
9543,來源成,1
9542,毒豬,1
9540,注函,1
9528,过界,1
9539,回關,1
9538,三全,1
9537,告诫,1
9536,狠招,1
9535,火海,1
9534,原油,1
9533,油井,1
9532,未酒,1
9531,困了,1
9530,相声,1
9529,粗鄙,1
9498,完不给,1
9496,查扣,1
9440,有期徒刑,1
9454,晋城,1
9465,失明,1
9464,低俗,1
9463,饮品,1
9462,深思,1
9461,无数,1
9460,新城,1
9459,团体,1
9458,域外,1
9457,得到,1
9456,黄水,1
9455,西昌,1
9453,顾公新,1
9467,驾者,1
9452,进出口,1
9451,茶叶,1
9450,喉案,1
9449,遭割,1
9448,女网,1
9447,抖音,1
9446,松江,1
9445,唬得,1
9444,大展,1
9443,群众演员,1
9442,影视,1
9466,犯罪集团,1
9468,淫窝,1
9495,货币,1
9482,自扇,1
9493,魔术,1
9492,纸币,1
9491,印制,1
9490,分拘,1
9489,贪小,1
9488,中年妇女,1
9487,静安区,1
9486,石龙区,1
9485,平顶山,1
9484,圆满解决,1
9483,教导,1
9481,定位,1
9469,组织者,1
9480,小视频,1
9479,好不好,1
9478,各地,1
9477,遭受,1
9476,黄衫,1
9475,之一,1
9474,规则,1
9473,世界,1
9472,卤菜,1
9471,一碗,1
9470,高龄,1
9553,丰台区,1
9554,东升,1
9555,多日,1
9627,军情,1
9642,寒冬,1
9641,裁员,1
9640,扎堆,1
9639,海洋,1
9638,核废料,1
9637,集结待命,1
9634,注定,1
9633,早已,1
9632,前一天,1
9631,震难,1
9629,不哭,1
9626,国会,1
2,黄镇,1
9625,核技术,1
9624,子口,1
9623,毛嘴,1
9622,需向,1
9621,生效,1
9620,点见,1
9619,谢通门县,1
9618,日喀则市,1
9617,辣眼,1
9616,椰汁,1
9615,逾千人,1
9643,自贡市,1
9645,速报,1
9556,理会,1
9661,变暖,1
9672,并非,1
9671,那场,1
9670,汽贸,1
9669,奎山,1
9668,够判,1
9667,三十万,1
9666,转危为安,1
9665,志愿者,1
9664,忘关,1
9663,哺乳动物,1
9662,灭绝,1
9660,气候,1
9646,毕节市,1
9659,裸尾鼠,1
9658,珊瑚,1
9657,构造性,1
9654,页岩,1
9653,变化,1
9652,明确,1
9651,处地灾,1
9650,中弹,1
9649,真枪,1
9648,拍戏,1
9647,惋惜,1
9614,浦项,1
9613,急救车,1
9612,让路,1
9569,海滩,1
9580,仔细,1
9579,大帽子,1
9578,野外,1
9577,落实,1
9576,综合治理,1
9575,应急,1
9574,响应,1
9573,督导,1
9572,范文博,1
9571,副区长,1
9570,区政府,1
9568,美丽,1
9611,纵火罪,1
9567,巴厘岛,1
9566,防癌,1
9565,洗血,1
9564,体外,1
9563,损害赔偿,1
9562,东宝,1
9561,处级,1
9560,元喜,1
9559,彩民,1
9558,社渚,1
9557,发臭,1
9581,塑料,1
9582,套牢,1
9583,永丰,1
9584,开工,1
9610,跑道,1
9609,狮航载,1
9608,降落,1
9607,新爱尔兰,1
9606,所属,1
9605,巴布亚新几内亚,1
9603,野炊,1
9602,露营,1
9601,荒野,1
9600,无人区,1
9599,巴士,1
9598,摇滚,1
9597,餐巾纸,1
9596,约会,1
9595,烟火,1
9594,恩爱,1
9593,救出,1
9592,脑出血,1
9591,小型,1
9589,明显,1
9587,三营,1
9586,燃放,1
9585,吉利,1
9441,车墩,1
9439,司法机关,1
9207,门将,1
9280,并举,1
9292,網上,1
9291,头羊,1
9290,小小,1
9289,怀不上,1
9288,再流,1
9287,薄如纸,1
9286,子宫,1
9284,西宁,1
9283,五星级,1
9282,非处方药,1
9281,办证,1
9279,局多措,1
9294,核心,1
9278,蓬溪县,1
9277,权威,1
9275,女性朋友,1
9274,进绵,1
9273,酒醉,1
9272,云龙桥,1
9270,走位,1
9269,专挑,1
9268,打碎,1
9267,药瓶,1
9266,灌进,1
9293,尋找,1
9295,期刊,1
9264,敞篷车,1
9310,巅峰,1
9321,一级,1
9320,建言,1
9319,遭盗,1
9318,辽宁大连,1
9317,财界,1
9316,证保通,1
9315,陈利红,1
9314,张军祥,1
9313,三日,1
9312,管理方,1
9311,家门口,1
9309,重回,1
9296,發表論,1
9308,成功之路,1
9307,女王,1
9306,石块,1
9305,倾轧,1
9304,雨天,1
9303,抓捕归案,1
9302,械斗,1
9301,源村,1
9299,口村,1
9298,朝东镇,1
9297,萬元,1
9265,险酿,1
9263,潸然泪下,1
9438,恒达,1
9220,返昆,1
9232,东港,1
9231,审查,1
9230,大胆,1
9229,查询,1
9228,喊单,1
9227,两百万,1
9226,资管,1
9225,讲诉,1
9223,一举,1
9222,天门,1
9221,荒郊野外,1
9219,迎接,1
9234,出卖,1
9218,温情,1
9217,盘龙区,1
9216,海豚,1
9215,爆红后,1
9214,生子,1
9213,复婚,1
9212,出国,1
9211,禁赛,1
9210,主裁,1
9209,踢翻,1
9208,大脚,1
9233,提起抗诉,1
9235,涉贿,1
9262,河里,1
9249,一流,1
9260,拦下,1
9259,防城,1
9258,精神病,1
9257,数名,1
9256,门外,1
9255,收网,1
9254,藏毒,1
9253,后排,1
9252,偷辆,1
9251,糊涂,1
9250,时尚,1
9248,水平,1
9236,五百多万,1
9247,瑞华,1
9246,证监会,1
9245,太黄,1
9244,过量,1
9243,大年三十,1
9242,后半辈子,1
9241,生生,1
9240,躲债,1
9239,我带,1
9238,高利贷,1
9237,一副,1
9322,煤气,1
9323,海关,1
9324,突发奇想,1
9398,回炉,1
9409,沾染,1
9408,南朗,1
9407,说话,1
9406,打骂,1
9405,不吭声,1
9404,亲爸,1
9403,黑户,1
9402,征信,1
9401,数据线,1
9400,夫妻反目,1
9399,万且,1
9397,实习期,1
9411,教导员,1
9396,催债,1
9395,自食恶果,1
9394,兰陵,1
9393,媒体报道,1
9392,日夜,1
9391,攻占,1
9390,中老年人,1
9389,完奶,1
9388,一生,1
9387,两代,1
9386,获刑害,1
9410,进强,1
9412,耐心,1
9325,接个,1
9426,侥幸,1
9437,严重损失,1
9436,临江,1
9435,物质,1
9434,罚金,1
9433,并处,1
9432,猴子,1
9431,惯犯,1
9430,菜市场,1
9429,铁警,1
9428,南港,1
9427,过海,1
9425,打烊,1
9413,劝导,1
9424,做生意,1
9423,谋面,1
9422,三十多万,1
9421,汇款,1
9420,尸检,1
9419,婚房,1
9418,竟死,1
9417,新婚,1
9416,新台币,1
9415,市价,1
9414,客栈,1
9385,一顿,1
9384,口出狂言,1
9383,以次充好,1
9339,绥德县,1
9350,通宵,1
9349,猫爪,1
9348,星巴克,1
9347,公家,1
9346,乞讨,1
9345,太大,1
9344,铁锤,1
9343,倚靠,1
9342,转眼间,1
9341,毒品案,1
9340,禁毒,1
9338,方伤,1
9382,倒闭,1
9337,金发女郎,1
9336,您好,1
9335,公馆,1
9334,拉菲,1
9333,保利,1
9332,偷盗,1
9331,三千块,1
3,党委书记,1
9328,大舅,1
9327,犯过,1
9326,肯定,1
9351,吴京家,1
9352,出乎意料,1
9353,咋办,1
9354,来津,1
9381,商标权,1
9380,斯沃琪,1
9378,初步,1
9377,两头,1
9376,售后,1
9375,申请,1
9374,同程,1
9373,南海,1
9372,自由,1
9371,国防部,1
9370,亲友,1
9368,一台,1
9367,盗车贼,1
9366,侵权案,1
9365,华为,1
9363,集中处理,1
9362,排查,1
9360,删除,1
9359,站点,1
9358,不良,1
9357,指向,1
9356,外链,1
9355,百科,1
8711,铂金,1
8709,亲自,1
7663,执照,1
8014,营私,1
8026,多种手段,1
8025,运用,1
8024,牌友,1
8023,头破血流,1
8022,酒楼,1
8021,游艺,1
8019,被整,1
8018,认责,1
8017,大狗,1
8016,天降,1
8015,早晚,1
8013,搞团,1
8028,购置,1
8012,纪检监察,1
8011,网好,1
8010,银河,1
8009,拉帮结派,1
8008,厚脸皮,1
8007,好意思,1
8006,白糖,1
8005,外媒,1
8004,机密信息,1
8003,政界人士,1
8002,数百名,1
8027,农机,1
8031,凤山县,1
8000,身价,1
8049,段泊岚,1
8060,科室,1
8059,附院,1
8058,处方,1
8057,借开,1
8056,未果,1
8055,国家补贴,1
8054,担任,1
8053,张俊英,1
8052,四职,1
8051,东村,1
8050,镇埠,1
8048,即墨市,1
8033,谋取,1
8046,帐户,1
8045,转入,1
8044,私人帐户,1
8043,出纳,1
8042,发微博,1
8041,男艺人,1
8040,安检员,1
8039,上班族,1
8038,招标,1
8037,徐均,1
8035,肿瘤医院,1
8001,不菲,1
7999,加上,1
7932,二猪,1
7949,正常人,1
7963,搜救,1
7962,再见,1
7961,爆破,1
7960,三秒,1
7959,一伤,1
7958,两死,1
7957,牌坊,1
7956,清河,1
7954,遗产,1
7953,闹翻天,1
7951,老母,1
7948,狗咬狗,1
7965,结束,1
7947,八十岁,1
7946,想分,1
7944,养老院,1
7943,想干什么,1
7942,侄子,1
7939,黑暗,1
7938,定罪,1
7937,拍个,1
7936,屈打成招,1
7935,不用,1
7934,下跪,1
7964,基本,1
7966,塑料厂,1
7998,生存环境,1
7983,四川省,1
7997,鹦鹉,1
7996,野生,1
7995,现象,1
7993,危险废物,1
7991,尿素,1
7990,良心,1
7989,深入,1
7988,猪肉,1
7986,老大,1
7985,东区,1
7984,攀枝花市,1
7982,涞源,1
7967,火山,1
7981,肯塔基州,1
7980,报废,1
7978,车遇,1
7976,东观,1
7975,高坪,1
7973,目击,1
7972,代号,1
7971,新款,1
7970,在建,1
7969,成片,1
7968,喷发,1
8061,感谢费,1
8062,包养,1
20,垃圾车,1
8156,说事,1
8167,我敢,1
8166,霸王车,1
8165,直属,1
8164,济州岛,1
8163,不公,1
8162,危房改造,1
8161,芙蓉镇,1
8160,永顺县,1
8159,补助,1
8158,增收,1
8157,低收入,1
8154,湖岭,1
8170,家产,1
8153,瑞安市,1
8148,内买,1
8147,初级中学,1
8146,西平县,1
8145,航运,1
8144,举行,1
8143,码头,1
8142,港口,1
8140,雷好,1
13,拼值,1
8138,铁路工人,1
8168,露出,1
8171,外婆,1
8064,奢侈品,1
8185,营业,1
8197,抢客,1
8196,奸商,1
8195,商品交易,1
8194,善款,1
8193,募捐,1
8192,明镜,1
8191,茶余饭后,1
8190,乱搞,1
8189,滑雪场,1
8188,龙缸,1
8186,蔡办,1
8184,无间道,1
8172,狠手,1
8183,匯款,1
8182,港元,1
8181,顧客,1
8180,店疑,1
8179,找換,1
8178,一間,1
8177,組圖,1
8176,多付,1
8175,独立王国,1
8174,村子,1
8173,手段,1
8137,西南部,1
8136,邻居们,1
8135,两层,1
8082,潜规则,1
8094,红房子,1
8093,江阴市,1
8091,与其,1
8090,威尼斯人,1
8089,背黑锅,1
8088,罪魁祸首,1
8087,满足私欲,1
8086,神父,1
8085,诱惑,1
8084,制服,1
8083,病态,1
8081,送礼,1
8134,万建,1
8080,集资房,1
8079,分到,1
8074,水电站,1
8073,签批,1
8072,曾定,1
8071,发改局,1
8070,威信,1
8069,欺上瞒下,1
8068,农垦,1
8067,牡丹江,1
8066,大陆,1
8095,金龙网,1
8096,谈天说地,1
8097,吴川脚,1
8098,爆爆,1
8133,抬高,1
8131,为害,1
8130,三原,1
8127,赶快,1
8126,假新闻,1
8125,电视台,1
8124,抗议者,1
8123,控告,1
8122,歪曲事实,1
8121,无中生有,1
8120,熊思怀,1
8115,厌恶,1
8114,人人,1
8113,过街老鼠,1
8112,变成,1
8111,见死不救,1
8110,忘恩负义,1
8109,说大话,1
8108,女明星,1
8106,丽江,1
8105,中乙,1
8104,虚报冒领,1
8103,借酒消愁,1
7933,树家,1
7930,掏钱,1
8201,项目组,1
7744,易行,1
7764,艺考,1
7763,一桩,1
7761,学妹,1
7756,百姓网,1
7755,乱局,1
7754,游学,1
7751,爆仓,1
7749,长租,1
7748,体检,1
7746,华润,1
7745,办卡,1
7743,优信,1
7766,约炮,1
7742,有用,1
7741,网校,1
7738,宜人,1
7737,金色,1
7734,快运,1
7733,远成,1
7732,多多,1
7731,哪儿,1
7730,二孩,1
7729,毛阿敏,1
7728,那英,1
7765,学霸,1
7768,艳照,1
7726,春晚,1
7783,艺德,1
7797,入口,1
7796,飞猪,1
7795,知乎,1
7794,但是,1
7792,基层政权,1
7790,高贵,1
7789,庄村,1
7788,换届选举,1
7787,朔内村,1
7786,易县,1
7784,透明,1
7781,转向,1
7769,童装,1
7780,知己,1
7779,激情,1
7778,被窃,1
7777,投注,1
7776,绝不,1
7775,曾志伟,1
7774,娱闻,1
7773,发泄,1
7772,挨着,1
7771,天天,1
30,丢脸,1
7727,红过,1
7725,曾多次,1
7929,好事,1
7678,煤气中毒,1
7692,病院,1
7691,晶肤,1
7690,关灯,1
7689,灼伤,1
7688,加班,1
7687,观影,1
7686,大熊,1
7685,统计,1
7683,难民,1
7681,香油,1
7679,此人,1
7677,陶瓷厂,1
7694,互相,1
7676,高一,1
7675,一死一伤,1
7674,民宿,1
7673,爱彼迎,1
7672,天富,1
7671,石河子,1
7670,顾客,1
7669,会员卡,1
7667,停运,1
7666,脸针,1
7665,打瘦,1
7693,医护,1
7695,漏掉,1
7724,一手,1
7711,自拍,1
7722,轻松,1
7721,活着,1
7720,卢凯彤,1
7719,区内,1
7718,观邸,1
7717,融侨,1
7716,春天,1
7715,柏林,1
7714,朱玉萍,1
7713,人大常委会,1
7712,沁水县,1
7710,乡镇,1
7697,副所长,1
7709,斐讯,1
7708,京东,1
7707,担保,1
7706,房产纠纷,1
7705,退货,1
7704,后续,1
7703,财产纠纷,1
7702,婚前,1
7700,咸鱼,1
7699,购房,1
7698,供应商,1
7798,偏袒,1
7799,卖家,1
7800,做假,1
7883,中鹏,1
7897,放纵,1
7894,接待,1
7892,至诚,1
7891,管理混乱,1
7890,总院,1
7889,同煤,1
7888,骗婚,1
7887,残疾人,1
7886,指标,1
7885,按照,1
7884,不正,1
7881,或者,1
7899,铁路局,1
7880,陈亭,1
7879,环球网,1
7878,星岛,1
7877,深圳市,1
7876,退伍兵,1
7875,迫害,1
7874,林志刚,1
7873,蛟河,1
7872,磨具,1
7871,鼎信,1
7869,张爱珍,1
7898,糜烂,1
7900,权钱交易,1
7803,区别对待,1
7917,大管家,1
7928,顶罪,1
7927,雇凶,1
7926,王金勇,1
7925,村官,1
7924,远涉,1
7923,人仅,1
7922,成雅,1
7921,信誉,1
7920,腐化堕落,1
7919,吃喝,1
7918,热衷,1
7916,农办,1
7901,搞权,1
7915,南漳,1
7914,提拔干部,1
7913,用人,1
7912,选人,1
7911,回来,1
7910,美妆博主,1
7908,同业,1
7906,返聘,1
7904,新潮,1
7903,殆尽,1
7902,丧尽,1
7868,最高人民法院,1
7867,宿管,1
7866,瞎了眼,1
7819,定一胆,1
7831,私装,1
7830,联盟,1
7829,休闲,1
7828,绿化,1
7827,棉一,1
7826,亟待解决,1
7824,以前,1
7823,锄头,1
7822,难闻,1
7821,散发,1
7820,卧病,1
7818,脱皮,1
7864,广丰,1
7817,墙面,1
7816,租房,1
7815,南苑,1
7814,龙洲,1
7812,地暖,1
7811,高唐,1
7810,吸水率,1
7809,彪马,1
7807,速干衣,1
7806,迪卡侬,1
7805,消协,1
7832,地锁,1
7833,海星,1
7834,摇身一变,1
7836,合作,1
7863,姐夫,1
7862,帮着,1
7861,小姨子,1
7860,助纣为虐,1
7859,背叛,1
7858,温柔,1
7857,交二,1
7856,洗脑,1
7855,自助,1
7854,健康,1
7853,福金,1
7852,中奥伍,1
7851,从中,1
7850,计算机,1
7849,冰淇淋,1
7848,巧可滋,1
7847,华正,1
7846,铤而走险,1
7845,入会,1
7843,闹剧,1
7842,昔日,1
7841,留洋,1
7837,炒高,1
8200,龙湾,1
8202,预订,1
8708,找事,1
8532,国开行,1
8543,副省长,1
8542,眼镜,1
8541,摘掉,1
8540,坐过,1
8539,公职,1
8538,开除党籍,1
8537,杰永鸽,1
8536,安监局,1
8535,铜梁,1
8534,老总,1
8533,腐败案,1
8530,名医,1
8546,自助餐,1
8529,一万多,1
8528,取保,1
8527,主持人,1
8526,玉玺,1
8525,家当,1
8524,公务,1
8523,妨害,1
8522,铜仁,1
8521,王尤魁,1
8520,副总经理,1
8519,发控原,1
8544,冯新柱,1
8547,牵动人心,1
8517,咸阳市,1
8562,潮州,1
8574,一审判决,1
8572,遭多人,1
8571,打了个,1
8570,服务费,1
8569,日辉,1
8568,款物,1
8567,想约,1
8566,见面,1
8565,善心,1
8564,印刷厂,1
8563,凤塘镇,1
8561,棉被,1
8548,民代,1
8560,百卷,1
8559,灭火,1
8558,顽童,1
8557,洛南,1
8556,表态,1
8554,效仿,1
8553,反对派,1
8552,镇压,1
8551,军方,1
8550,同声,1
8549,苦主,1
8518,嘉祥,1
8516,证据,1
8454,悲痛,1
8471,敞篷,1
8483,车底,1
8482,大车,1
8480,信群,1
8479,爆微,1
8478,掀开,1
8477,车顶,1
8476,遭撞,1
8475,顶牛,1
8474,泉州,1
8473,大不了,1
8472,淡定,1
8469,店家,1
8485,逃生,1
8467,怒求,1
8466,彰显,1
8464,出奇,1
8463,草芥,1
8462,死里逃生,1
8461,与会,1
8460,火车撞,1
8459,道口,1
8458,达沃斯,1
8457,躲开,1
8456,绕路,1
8484,重货,1
8486,甲流,1
8515,公章,1
8500,度极寒,1
8514,私刻,1
8513,李逵,1
8511,想着,1
8510,百万条,1
8509,梯子,1
8508,两米,1
8507,扛着,1
8506,翻墙,1
8503,部督,1
8502,五粮液,1
8501,冻死,1
8499,零下,1
8487,传播者,1
8498,真人版,1
8497,灾难片,1
8496,示范,1
8495,带俩,1
8494,致富,1
8493,香料,1
8492,内加,1
8491,底料,1
8490,没火人,1
8489,小年夜,1
8488,吐舌头,1
8575,恶性案件,1
8579,竞争者,1
8580,网店,1
8657,身家,1
8671,年少无知,1
8670,三兴村,1
8669,麻坪镇,1
8668,洛南县,1
8667,东北部,1
8664,扑救,1
8663,人正,1
8661,东川区,1
8660,云南昆明,1
8659,勐腊县,1
8658,西双版纳州,1
8656,生育,1
8674,宜兰县,1
8654,气炸,1
8653,推门,1
8652,亮光,1
8651,透出,1
8650,房间,1
8649,五年级,1
8648,三死十伤,1
8647,旋翼,1
8646,直升机,1
8645,中型,1
8644,沾化县,1
8672,元能判,1
8675,渑池,1
8581,冰毒,1
8693,利川,1
8707,编辑,1
8706,澳纽网,1
8704,骑手,1
8703,展开,1
8701,电车,1
8700,新年,1
8699,百余辆,1
8698,衣物,1
8696,成女,1
8695,毕业生,1
8694,鉴赏,1
8692,败诉,1
8676,北交大,1
8691,解雇,1
8690,踢倒,1
8688,只超,1
8687,降雪,1
8686,作伪证,1
8685,心惊,1
8684,猪堆,1
8683,信任,1
8679,一脚,1
8678,人拉,1
8677,准载,1
8643,阳泉市,1
8642,十二分,1
8641,挂号,1
8594,斐濟,1
8609,目前为止,1
8607,家用电器,1
8606,暂停营业,1
8605,即日起,1
8602,放弃,1
8601,因太累,1
8600,珞丹,1
8,绝味,1
8597,發生,1
8596,地區,1
8595,群島,1
8593,极低,1
8640,灵武,1
8592,机率,1
8591,生还者,1
8590,泥石流,1
8589,矿场,1
8588,灭村,1
8587,溃坝,1
8586,今讯网,1
8585,望海,1
8584,歌舞厅,1
8583,用毒赃,1
8582,教父,1
8610,定南,1
8611,敲警钟,1
8612,小罗,1
8613,曼谷,1
8639,一段时间,1
8638,跟着,1
8637,万象,1
8636,抚恤金,1
8635,任务,1
8634,护理,1
8632,假借,1
8631,有毒,1
8630,胶囊,1
8629,合并,1
8628,运营商,1
8627,三大,1
8625,硬生生,1
8624,小拇指,1
8623,阳信,1
8622,六年,1
8621,枪口,1
8620,仍有,1
8619,查酒,1
8617,静海,1
8616,烧桔杆,1
8615,柬埔寨,1
8614,泰国人,1
8455,噩梦,1
8453,谭松韵,1
8203,学位,1
8276,时讯,1
8289,输球,1
8288,灰熊,1
8287,鲁南,1
8286,大张伟,1
8285,张艺兴,1
8283,拔刀相向,1
8282,邀请,1
8281,好听,1
8280,唱歌,1
8279,无医,1
8277,愈演愈烈,1
8275,津巴,1
8291,会议,1
8274,停机,1
8273,号码,1
8272,武装部长,1
8271,高洲,1
8270,莲花县,1
8269,驱逐,1
8268,巴特勒,1
8267,布拉德利,1
8266,发生冲突,1
8265,快船,1
8264,源城,1
8290,召开,1
8292,两将,1
8262,考试网,1
8309,太累,1
8322,航线,1
8321,闯卡,1
8319,保命钱,1
8318,焦村,1
8317,办事处,1
8316,汝南,1
8315,汝州,1
8313,出手,1
8312,妹子,1
8311,不但,1
8310,老乡,1
8308,全世界,1
8293,肢体冲突,1
8307,投诉无门,1
8306,夜市,1
8305,黑恶,1
8304,金钱,1
8302,用车,1
8300,天达,1
8299,蓟州,1
8298,武汉市,1
8296,反问,1
8295,赖着,1
8294,撕扯,1
8263,南政,1
8261,中公,1
8452,查受,1
8216,凝重,1
8227,惹议,1
8226,门禁,1
8225,东华大学,1
8224,綦江,1
8223,相亲,1
8222,弄死,1
8221,本事,1
8220,张家界,1
8219,投票站,1
8218,东部,1
8217,刚果,1
8215,一脸,1
8229,静坐,1
8214,人帮,1
8213,吃亏,1
8212,甘愿,1
8211,蛮横,1
8210,太过,1
8209,旅游网,1
8208,失责,1
8207,友爱,1
8206,莒县,1
8205,幸好,1
8204,塔吊,1
8228,学子,1
8230,钢筋,1
8260,大于,1
8247,顺丰,1
8259,豪华,1
8258,百名,1
8257,在内,1
8256,太大遭,1
8255,闵宥,1
8254,品格,1
8253,皇后,1
8251,长刀,1
8250,土枪,1
8249,采矿,1
8248,管家,1
8246,一分,1
8233,产妇,1
8245,天竟,1
8244,朝阳,1
8243,对待,1
8242,幼师,1
8241,划脸,1
8240,指甲,1
8239,脖子,1
8237,十八万,1
8236,全力,1
8235,栓塞,1
8234,羊水,1
8323,飞越,1
8324,居民区,1
8325,无责,1
8407,管理局,1
8419,专案,1
8417,陇西,1
8416,不可,1
8415,春运,1
8414,弱势群体,1
8413,永远,1
8412,屏蔽门,1
8411,阻挡,1
8410,扣分,1
8409,因真,1
10,黄腔,1
8406,话题,1
8421,光谷,1
8405,开化,1
8404,孙某,1
8403,薛某,1
8402,刘某,1
8401,人丁,1
8400,抵赖,1
8399,花样,1
8398,面前,1
8396,人员伤亡,1
8395,赛道,1
8394,天马,1
8420,评查,1
8422,歹徒,1
8326,吴兴区,1
8439,惊醒,1
8451,寻乌,1
8450,逃不过,1
8449,初一,1
8448,逃得,1
8447,治超,1
8446,惹出,1
8445,买单,1
8444,由谁来,1
8443,驾王,1
8442,吃惊,1
8440,刑罚,1
8438,梦中,1
8423,身后,1
8436,楚雄州,1
8435,同行,1
8434,悬挂,1
8433,偶遇,1
8432,回家路上,1
8431,趁早,1
8429,浴室,1
8428,躲进,1
8427,石泉,1
8426,摊上,1
8425,考题,1
8393,南召,1
8392,广灵,1
8391,山西大同,1
8339,怒火,1
8350,一次性,1
8349,分数,1
8348,倒卖,1
8347,警队,1
8346,王家,1
8345,施工现场,1
8344,佳兆业,1
8343,辞工,1
8342,高额,1
8341,厂里,1
8340,毛巾,1
8338,罢赛,1
8385,严管,1
8337,乒超方博,1
8336,北海市,1
8335,连篇,1
8334,谎话,1
8333,绵延,1
8332,美墨,1
8331,催泪弹,1
8330,美向,1
8329,机器,1
8328,麻将馆,1
8327,集体土地,1
8351,钻空子,1
8352,没门,1
8353,人实载,1
8354,胆大,1
8384,新余,1
8383,人实,1
8379,考驾照,1
8378,不得,1
8377,实力,1
8376,低调,1
8375,喜提,1
8374,张启红,1
8373,自然村,1
8372,村下庄,1
8371,罗圈,1
8370,五龙,1
8369,郭付,1
8368,中街,1
8367,紫坊,1
8366,长治市,1
8365,反省,1
8364,拘留所,1
8363,淅川,1
8360,原是,1
8358,贺兰,1
8357,救治,1
8355,严罚,1
6314,向林,1
1272,吴江,1
6312,走马,1
3105,疑遭,1
3150,骨癌,1
3147,连骗,1
3146,委托书,1
3142,款项,1
3138,空城,1
3137,一座,1
3136,一圈,1
3135,古镇,1
3132,冰冷,1
3131,多亿,1
3128,大祸,1
3127,酿成,1
3125,偷放,1
3124,官竟,1
3123,遭绑架,1
3122,时空,1
3118,永和,1
3115,流泪,1
3114,庭上,1
3111,颅脑,1
3110,撕裂,1
3109,肛门,1
3108,性虐待,1
3151,年薪,1
3152,无力,1
569,高级中学,1
3171,两艘,1
3183,吸精,1
3182,索精,1
3180,多重,1
3179,有奖销售,1
3178,促销,1
3177,厂家,1
3176,裆部,1
3174,船只,1
3173,武装,1
3172,胡塞,1
3170,击毁,1
3154,医疗费,1
3169,多国联军,1
3166,四月,1
3165,混浊,1
3164,用水,1
3163,圩镇,1
3162,镇隆,1
3159,抓赌,1
3158,风控,1
3157,考问,1
3156,频现,1
3106,姨夫,1
579,余额,1
388,污蔑,1
3103,个股,1
593,比科,1
3058,心计,1
3056,真心,1
3055,解释,1
3054,当事人,1
3053,让座,1
3052,怒骂,1
3051,英语,1
3050,一切正常,1
3048,扶梯,1
3047,地铁站,1
595,甘肃兰州,1
597,考生,1
598,录取,1
599,通知书,1
3038,西固,1
3036,大渝网,1
3033,彩票网,1
3032,东方网,1
601,学籍,1
3030,燃油箱,1
602,档案,1
3028,敲响警钟,1
3065,尿毒症,1
3066,病友,1
3067,敢抓,1
3086,外面,1
3101,资和信,1
3099,业务,1
3098,清算,1
3095,非正常,1
3094,集宁,1
3093,连称,1
3092,覆车之戒,1
583,副总,1
3090,急坏,1
3089,小雨,1
585,疑受,1
3068,都市网,1
3084,下雨天,1
3083,彭彩贤,1
3082,心急如焚,1
3080,督促,1
3079,承包人,1
3078,鱼塘,1
3076,野钓,1
589,近半,1
590,缴费,1
592,尖子,1
3185,爱上你,1
567,富平,1
3187,消失,1
3188,精子,1
532,中医医院,1
533,误诊,1
3306,狂殴,1
3305,插队,1
3303,互换,1
3302,叔侄,1
3297,声音,1
3296,工程师,1
3293,再出,1
536,外出,1
3289,花费,1
3288,整形医院,1
3287,韩辰,1
3285,金华人,1
3284,杭州网,1
3282,眼角,1
3280,公安机关,1
540,晴热,1
3277,污染物,1
541,需防,1
3272,急停,1
3269,错过,1
543,副镇长,1
3309,围攻,1
3310,骑警,1
3313,增援,1
3334,消防官兵,1
3346,思索,1
3345,牛车,1
517,张力军,1
3342,百世,1
3341,另有,1
3340,降职,1
3339,大新镇,1
3338,扶沟,1
520,接受,1
3335,速降,1
3333,扬言,1
3314,防骗,1
522,亿台,1
3330,变砖,1
3329,桌面,1
529,申冤,1
3325,超限,1
3323,冷饮店,1
3320,果品市场,1
3317,喷炉,1
3316,钢铁公司,1
3315,空气,1
3266,补课,1
3265,联手,1
3264,准新娘,1
556,客服,1
3226,玩起,1
3225,抓过,1
3222,藏品,1
553,现不雅,1
554,标语,1
3217,文化,1
3216,汉轩,1
3215,警服,1
3214,血染,1
3212,利刃,1
3209,罗城,1
548,门窗,1
3206,热汤,1
3200,惩治,1
3199,谩骂,1
3198,案外人,1
3197,潮南,1
3194,万卖,1
563,学车,1
3191,地沟油,1
3190,奶茶,1
3189,收割,1
550,死光光,1
3229,常熟,1
3263,扮演,1
3249,包被,1
3262,民权,1
3261,加工点,1
3260,危化物,1
3258,深山,1
3257,三路,1
3256,跟踪报道,1
3255,安全事故,1
3254,龙茵特,1
3253,勐腊,1
3251,玉磨,1
3248,找人顶,1
3230,赵市,1
3247,达旗,1
3246,明知,1
3244,案底,1
3240,虾苗,1
3239,虾塘,1
3237,还应,1
545,证件,1
3234,副庭长,1
3233,洒落,1
3232,氧气罐,1
3027,沉痛,1
3025,几条,1
3023,水塘,1
2850,水机,1
2803,逃走,1
669,南环,1
2799,细思极,1
2797,部位,1
2796,宁波人,1
2794,招来,1
671,重来,1
2792,城南,1
2790,忍住,1
2789,可是,1
2788,不想,1
679,专车,1
2786,年级,1
2784,瓷砖,1
2783,外墙,1
2780,散步,1
2779,街上,1
2778,芦溪,1
2776,自沉,1
2775,黄海,1
2774,内河,1
2773,特警,1
2772,沙颍河,1
2805,店破墙,1
667,侠传,1
666,惊世,1
2829,丹东港,1
2847,熟食店,1
655,转弯,1
2844,孙辉,1
2840,虞城,1
2839,心痛,1
2838,理赔,1
658,滕州,1
2836,指定,1
659,亿和嘉苑,1
2830,再传,1
2827,最重,1
665,无门,1
2826,练江,1
2823,酷网,1
660,烂尾,1
661,八年,1
662,四百,1
2819,猛料,1
2815,果品,1
663,业户,1
2813,告诉,1
664,哭告,1
2771,万块,1
680,差评,1
681,遭打,1
726,仅罚,1
707,李锦蓬,1
2710,几十个,1
717,碾轧,1
2708,恶意软件,1
721,文保,1
2704,思科公司,1
2703,救火,1
2700,垃圾堆,1
725,拆改,1
2696,冲天,1
727,谈何,1
2716,误点,1
2685,名校,1
728,以儆效尤,1
729,威海,1
730,传媒网,1
2681,尼亚,1
2680,艾欧,1
2679,太坏,1
2678,嘲笑,1
2677,为人师表,1
2675,下场,1
706,杨光富,1
2719,地勤,1
2768,商量,1
2742,尊重,1
2765,耍花招,1
682,开微博,1
683,发声,1
2761,牵引车,1
2755,拉着,1
2753,刁难,1
2750,乡政府,1
2749,曹集,1
2745,以送,1
2744,沈阳市,1
2740,火化,1
2722,大润发,1
2739,殡仪馆,1
2737,漂亮,1
2736,非礼,1
2735,喊醒,1
2729,人次,1
2728,住院手续,1
2726,康复,1
2725,富县,1
2724,好报,1
2723,偷餐,1
2848,洛阳人,1
2851,福鼎,1
3021,急转,1
654,石柱,1
2977,惊动,1
2976,红旗路,1
2975,响水,1
612,心血,1
2971,出租,1
2969,有房,1
613,钱誓,1
2967,难逃,1
2966,隐蔽,1
614,逝世,1
2964,比特,1
2963,买毒,1
2960,酒友,1
2956,害人不浅,1
2954,虹桥,1
2953,刷单,1
2946,面将,1
2945,当着,1
2943,触电,1
2942,杆上,1
2941,高压电,1
2940,电工,1
2939,娄底,1
611,任重道远,1
609,规管,1
2982,网红店,1
3001,中华烟,1
603,二十年,1
3014,人太黑,1
3012,消灾,1
3011,替人,1
604,监测数据,1
606,屡禁不止,1
3007,越细越,1
3006,麻烦事,1
3005,碰上,1
3003,本是,1
2999,党员,1
2983,餐饮,1
2998,瓯海,1
2997,要价,1
2995,十一,1
2994,二桥,1
2993,车费,1
2992,挣扎,1
2988,男宝,1
2987,七个,1
2986,英烈,1
2984,水分,1
619,不严,1
620,手机用户,1
2935,平和,1
2873,理所当然,1
2890,黑诊所,1
2887,刘长,1
2886,村村,1
2885,合兴,1
2884,雀塘镇,1
2883,新邵县,1
2881,个旧,1
2880,招术,1
2875,手法,1
2874,公司员工,1
2871,白眼狼,1
2893,依法取缔,1
2870,一匹,1
2869,资助,1
2868,孙俪,1
650,建材,1
2866,外国,1
651,捆牢,1
2864,七日,1
2863,五月,1
652,厘米,1
2854,叔恶,1
2892,卫计,1
649,疏忽,1
2933,赚取,1
2915,中共,1
2930,微信加,1
2927,三湘,1
2926,心思,1
2925,跳舞,1
2924,裸体,1
2923,房产公司,1
2920,宝岛,1
2918,模板,1
2917,纪律检查,1
2916,临汾市,1
2914,逾期,1
645,宋村,1
629,祖冲之,1
2912,传巨如,1
2911,涉非,1
631,交叉口,1
2903,灯不亮,1
2902,拥政街,1
2901,滨河路,1
2899,领导小组,1
2898,扶贫开发,1
2897,国务院,1
3347,漳州人,1
3348,新农,1
3350,良乡,1
3838,李丙臣诉,1
3794,感情,1
3793,一段,1
3792,楼主,1
3790,比较,1
414,打招呼,1
3788,结局,1
3785,乱画,1
3784,老眼昏花,1
3783,族别,1
3782,老年,1
3781,不知情,1
418,锡山,1
420,干嘛,1
3777,正式,1
3776,新规,1
3775,最易,1
422,举牌,1
3771,诺如,1
3770,几口,1
3769,晚饭,1
423,人体,1
424,讨人嫌,1
3764,快往,1
3799,天奥,1
409,许多,1
3802,周吉,1
3821,刘才,1
3836,公告费,1
3835,致歉,1
3834,琼瑶,1
3833,不向,1
3832,卓水枝,1
3830,尹小刚,1
405,鸡排,1
3825,城乡建设,1
406,摊食,1
3822,亳州市,1
407,材袋,1
3803,王红,1
3818,鞋底,1
3816,那个,1
3815,兴荣,1
3811,重谢,1
3810,必有,1
3809,金毛,1
408,爬满,1
3807,护城河,1
3806,南关,1
3804,房屋买卖,1
425,城管局,1
3762,谨防,1
3761,抱病,1
3705,离石区,1
431,苏果超市,1
3719,之祸,1
3716,好像,1
3715,买救,1
3714,买买,1
3713,收据,1
3712,房款,1
3711,顺走,1
3710,买房者,1
3707,毁坏,1
433,卫生状况,1
3723,八万,1
434,一堵,1
3702,九点半,1
3701,今晚,1
3700,摘除,1
3699,这句,1
3697,挤压,1
3696,拾荒者,1
3695,周庄,1
3694,江阴,1
435,小区业主,1
3722,边走边看,1
3724,钦州,1
3760,荣誉感,1
3741,快速,1
3759,人要,1
3757,意大利人,1
3751,英拉,1
3750,拖鞋,1
3749,纪念馆,1
3748,渡江战役,1
3747,名人,1
3745,更美,1
3744,沧浪亭,1
3743,沧浪,1
3740,吴堡县,1
3725,排水沟,1
3738,烂车,1
3736,桂骏,1
428,高度重视,1
3734,拒收,1
429,干预,1
3732,仍记,1
3731,关机,1
3729,多收,1
3727,彭城段,1
3726,埋压,1
3837,原告,1
399,海陵区,1
3690,炸开,1
3840,李凤华,1
3924,吉林市,1
3923,吴昌德,1
3921,湖滨区,1
3920,边牧,1
3918,各位,1
3917,失和,1
3916,将帅,1
3914,英超,1
3913,穆帅,1
3912,孔蒂,1
3911,黑泰迪,1
3909,林走,1
3908,楠竹,1
3907,没扣,1
3906,分都,1
3904,上诉,1
3903,格雷罗,1
3902,齐帮,1
3900,三队,1
3898,二代,1
3897,德宏,1
3896,承揽,1
3895,金铁,1
3925,亲嘴,1
3928,淘宝网,1
3929,九华,1
3945,局势,1
3957,开除,1
3956,处理结果,1
390,存有,1
3954,女上門,1
3953,东营,1
3952,以色列,1
3949,入驻,1
3948,大规模,1
3947,导弹,1
3946,伊朗,1
3944,博美一,1
3930,盛世,1
3943,北口,1
3940,倒伏,1
3939,古树,1
3937,林业局,1
3936,督查,1
394,金桥,1
3934,大干,1
3933,申诉,1
3932,知识产权,1
3931,递交,1
3894,南鑫,1
3893,新罗区,1
3891,星辰,1
3852,安亲,1
3862,复议,1
396,酒托,1
3860,仲卫录,1
3859,相容,1
3858,华商网,1
3857,产业园,1
3856,原则,1
3855,机构,1
3854,课后,1
3853,出台,1
3851,预售,1
3864,张晓东,1
3850,商品房,1
3849,丁春娥,1
3848,置业,1
3847,达翰,1
3846,围捕,1
3845,便衣,1
397,泰山,1
3843,于淑荣,1
3842,单玉,1
3841,继承,1
3863,张晓艳,1
3865,等七人,1
3890,孙庆楠,1
3879,张海燕,1
3889,无所遁形,1
3888,它们,1
3887,拉萨,1
3886,物权,1
3885,建国,1
3884,民意,1
3883,肇源县,1
3882,梦龙,1
3881,离婚案,1
3880,李晓南,1
3878,半价,1
3866,胡路区,1
3877,救援车,1
3875,大众,1
3874,刚到,1
3873,调解书,1
3872,胡勇,1
3871,吴保连,1
3870,熊喜强,1
3869,权益,1
3868,集体经济,1
3867,喇嘛,1
3691,多位,1
3689,防盗网,1
3351,卫生院,1
3520,负案,1
3470,自罚,1
3469,打嘴巴,1
3468,全班学生,1
3466,小学老师,1
3465,手里,1
3464,扫一扫,1
3463,现新,1
3462,到达,1
487,泰州市,1
3458,晨光,1
3457,周月民,1
3454,梁龙,1
3453,梁应帅,1
3451,悔恨,1
3450,镜头,1
3449,后面,1
3447,班房,1
3445,字母,1
3444,改造,1
3443,竟因,1
3442,水质,1
3441,断面,1
3440,地表水,1
3472,发瘟,1
3475,不要脸,1
3476,中国保监会,1
3500,站长网,1
3518,杨澜,1
473,卡月收,1
3512,基站,1
474,磨损,1
3508,纷飞,1
3506,刷屏,1
3505,一统江湖,1
3504,应用,1
3502,血友,1
3501,播报,1
3498,收缴,1
476,磨光,1
3495,严处,1
3491,资费,1
3490,限量,1
3489,射残,1
3488,右眼,1
3487,当箭射,1
3486,笔芯,1
3485,皮筋,1
3483,万余,1
3482,下线,1
493,数吨,1
3437,联众,1
3436,共用,1
3365,两亿,1
3383,更配,1
3382,炎炎夏日,1
3381,停电通知,1
3379,听说,1
3375,四川籍,1
3374,贿金,1
3373,多笔,1
3371,因怕,1
3369,一支,1
3367,救命,1
3364,开价,1
511,开来,1
3363,省级,1
3362,当上,1
3361,厅长,1
3360,心窍,1
3359,官迷,1
3358,三分钟,1
3357,顺手,1
3354,成真,1
3353,段子,1
3352,三天两头,1
512,环境保护部,1
3388,广东省,1
3431,亲热,1
3412,邵阳市,1
3429,百万元,1
3428,流水,1
3426,两月,1
3424,利用微,1
495,铁塔,1
496,半悬,1
3420,害人,1
3417,市委,1
3414,坐台,1
3413,邮电局,1
498,奖金,1
510,薄谷,1
500,雁过拔毛,1
501,两面,1
3403,不法分子,1
3402,小伙伴,1
3401,狮岭,1
3400,小编,1
3397,屋主,1
3395,向阳路,1
3394,杨梅镇,1
508,检察长,1
3519,违规操作,1
3522,记忆,1
3688,巨响,1
3523,估计,1
3639,上传,1
446,资料,1
3637,松原,1
447,购豪车,1
449,内骗,1
3634,机箱,1
3633,东兴,1
3632,古辣镇,1
3631,下班,1
3629,背包,1
453,黑名单,1
3626,抵掉,1
3624,智付,1
3623,嚎啕大哭,1
3622,不吃不喝,1
3621,角落,1
3620,坐在,1
454,买房,1
3617,上来,1
3614,其妻,1
3612,破局,1
455,虐童,1
3610,思考,1
3640,窃取,1
3642,刑律,1
3643,毒妇,1
439,河湾,1
436,大动干戈,1
437,隔墙,1
3684,不合理,1
3683,定价,1
3682,资费套餐,1
3678,申领,1
3674,一儿,1
3673,不测,1
3671,快乐,1
438,对骂,1
3665,大气层,1
3644,人心,1
3664,再入,1
3662,天宫,1
3661,飞行器,1
3660,目标,1
3658,两千,1
3657,砂石车,1
443,鸡舍,1
3649,来宾市,1
3647,点拿棒,1
3646,闺蜜,1
3609,医疗广告,1
3608,竞价,1
3606,汉丰网,1
467,上半年,1
3561,伸进,1
3560,咸猪,1
3556,值得,1
3555,这十起,1
3554,违法犯罪,1
3552,重拳,1
3551,晨读,1
3550,欠款,1
3548,转包,1
3547,不善,1
3544,不安分,1
3567,沦陷,1
3541,赤裸裸,1
3538,汇编,1
3536,指导,1
3535,司法解释,1
3533,银币,1
3532,大亨,1
3531,传媒,1
3527,同房,1
3525,一怒,1
3524,辣鸡,1
3565,百年一遇,1
3568,现场报道,1
3605,上观,1
3586,副部级,1
3604,临时工,1
457,李征琴,1
3601,官微,1
459,伤得,1
3598,懂车,1
3597,只认,1
3592,目的,1
462,无照驾驶,1
3589,鸡汤,1
464,路人,1
3584,物流,1
3570,生个,1
3583,明武,1
3582,黄先宏,1
3581,许杰,1
3580,许庆明,1
3579,尹书华,1
3575,容易,1
3574,注册,1
3573,之大,1
3572,区别,1
3571,花销,1
2674,合理,1
2673,拆迁户,1
2671,都匀,1
1037,娱乐界,1
1763,大四,1
1762,盗伐林木,1
1761,立案监督,1
1061,驚天,1
1759,理塘县,1
1063,犯案,1
1755,脱轨,1
1064,中國,1
1753,区间,1
1752,一列,1
1065,搜索,1
1748,徐世平,1
1747,局级,1
1066,江蘇,1
1742,这五人,1
1739,小腿,1
1738,啃下,1
1070,假性,1
1730,太多,1
1729,神药,1
1727,营救,1
1071,一粒,1
1724,悬崖,1
1764,副教授,1
1765,历史,1
1766,诽谤罪,1
1053,发青,1
1799,痛不欲生,1
1043,国土资源,1
1795,野泳,1
1044,履行职责,1
1791,绩效,1
1052,全身,1
1788,央视网,1
1787,新闻频道,1
1785,罕见,1
1784,大方,1
1054,抽出,1
1768,离石,1
1780,找终,1
1055,蓝紫色,1
1056,人别,1
1776,天黑,1
1775,逃学,1
1774,一熊,1
1773,花垣,1
1058,剩菜,1
1060,三殺,1
1769,枣林,1
1072,元卖,1
1719,几眼,1
1718,动机,1
1656,停业整顿,1
1668,联通,1
1667,曲靖,1
1090,落跑,1
1091,真实,1
1663,捕案,1
1661,三原县,1
1660,罪恶,1
1659,犯下,1
1658,邪教,1
1657,瞧瞧,1
1653,城北,1
1674,附体,1
1093,古城,1
1650,首富,1
1649,川北,1
1648,每日,1
1647,毒气,1
1646,吸入,1
1644,度假,1
1639,二中,1
1095,约定,1
1637,普法网,1
1672,帮帮,1
1675,武磊,1
1073,每吨,1
1697,热门,1
1716,被害,1
1074,提取,1
1714,鞋印,1
1710,暗宝,1
1709,陆河,1
1707,掠饺,1
1705,发生争执,1
1704,对手,1
1702,国脚,1
1700,别的,1
1082,各不相同,1
1088,次日,1
1695,公道,1
1694,置之不理,1
1693,医疗事故,1
1692,衡阳县,1
1691,汽车论坛,1
1087,大婚,1
1684,闹事者,1
1682,限制,1
1681,天内,1
1680,吸烟者,1
1038,很惨,1
1804,报学车,1
1634,滥伐林木,1
1807,符合,1
979,王益,1
983,百个,1
1932,药师,1
1931,挂证,1
1930,总局,1
1929,食药监,1
987,未遂,1
1927,药店,1
1926,证放,1
1925,巧合,1
1923,网拍房,1
1920,一假,1
1919,呼和浩特,1
1917,不过,1
1915,系统,1
1913,网逃,1
989,中理,1
1909,宿州,1
1908,楼盘,1
1906,过户,1
990,君付,1
1904,拍下,1
1903,放火烧,1
1939,孝义市,1
1941,焦煤,1
1942,汾西,1
970,恶行,1
1979,从化,1
1978,假画,1
1977,收藏,1
1976,不靠,1
1975,博物馆,1
1973,引众愤,1
966,原本,1
1971,酱油瓶,1
967,幸福,1
969,所作,1
1965,沾化,1
1943,矿业集团,1
1964,国家信访局,1
1959,塘坝,1
1956,种种,1
972,新闻媒体,1
973,岚皋县,1
976,黄陵县,1
1947,伤遭,1
1946,重大事故,1
1945,煤业,1
1944,正令,1
1902,用刀,1
991,加多芬,1
992,群体,1
1833,研究,1
1850,药方,1
1013,死灰复燃,1
1848,绿色,1
1846,亿吨,1
1842,体育新闻,1
1841,足球,1
1840,坐不住,1
1839,中国足协,1
1835,无处不在,1
1834,综合型,1
1832,首家,1
1853,顺河,1
1829,平阴,1
1024,绿洲,1
1824,大唐,1
1823,歌曲网,1
1025,号楼,1
1821,枪支弹药,1
1815,出钱,1
1033,财务,1
1034,汪涵,1
1035,杨乐乐,1
1851,阪宁,1
1012,主角,1
995,中商,1
1879,狼性,1
1896,赔了夫人又折兵,1
996,合景峰,1
1893,大棒,1
1892,贸易,1
1890,三板,1
999,两只,1
1884,维护,1
1001,爱生恨,1
1882,空间,1
1003,全班,1
1877,互扇,1
1855,坑连坑,1
1876,救救,1
1872,二级,1
1005,尖子生,1
1007,付出,1
1864,严峻,1
1862,形势,1
1861,抗旱,1
1860,防汛,1
1010,渐成,1
1857,委会,1
1635,构成犯罪,1
1097,征迁,1
1982,于向阳,1
1175,钱国荣,1
1402,高层,1
1220,廖某,1
1221,律师网,1
1396,流氓,1
1395,超过,1
1392,快死了,1
1390,倚老卖老,1
1389,精加,1
1388,讹人,1
1386,不遇,1
1385,千年,1
1226,徐卫新,1
1382,中超,1
1381,耍流氓,1
1380,过河拆桥,1
1378,丢人现眼,1
1377,超队,1
1375,破口大骂,1
1372,偷情,1
1366,悍妻,1
1365,鄂州,1
1233,法律法规,1
1363,同意,1
1403,震荡,1
1404,游手游,1
1406,位均,1
1436,案涉,1
1464,警局,1
1462,暂降,1
1454,不好意思,1
1451,利益输送,1
1186,富仄,1
1447,金控,1
1446,强调,1
1444,猎豹,1
1188,男死,1
1191,内遭,1
1435,重判,1
1407,去职,1
1192,膝止,1
1431,民一庭,1
1430,最高院,1
1425,一行,1
1194,病情,1
1198,万众,1
1421,到场,1
1203,曝扬尘,1
1206,上限,1
1416,家属院,1
1234,西海,1
1359,邻座,1
1358,火锅,1
1295,一千元,1
1315,室温,1
1314,首日,1
1248,掣肘,1
1249,消除,1
1310,修眉,1
1307,北流,1
1305,指名道姓,1
1252,聚餐,1
1300,招生,1
1258,新视界,1
1294,火腿,1
1320,暖气费,1
1291,爆涉,1
1290,化妆品,1
1265,张淑侠,1
1267,网络媒体,1
1282,要闻,1
1268,缅怀,1
1279,回收,1
1278,哪些,1
1269,临终时,1
1275,活力,1
1319,减免,1
1321,再有,1
1357,端起,1
1340,普京,1
1355,长发,1
1354,鲜果,1
1353,土野洋,1
1352,花脸,1
1237,报刊,1
1349,岔着,1
1347,顿顿,1
1344,克麦罗沃,1
1240,催款,1
1341,大意,1
1339,一线,1
1245,前手,1
1338,外代,1
1337,高发,1
1336,物资,1
1335,代购,1
1332,破损,1
1331,凹凸不平,1
1329,梧州市,1
1327,遏制,1
1326,法案,1
1323,曝拟,1
1465,滚动,1
1468,丑闻,1
1098,只付,1
1174,管理中心,1
1113,鱼刺,1
1116,敲断,1
1585,如实,1
1117,锁骨,1
1583,发微信,1
1120,次共骗,1
1580,雷某,1
1579,水田,1
1578,伤心落泪,1
1576,失主,1
1575,保险柜,1
1572,武胜县,1
1570,案侦,1
1569,卖淫嫖娼,1
1568,城中,1
1565,采取,1
1562,药监局,1
1561,抚顺市,1
1560,博润,1
1132,洒水,1
1557,实地,1
1133,致多起,1
1554,修复,1
1590,孝道,1
1111,聋哑,1
1595,资讯网,1
1100,停气,1
1630,狱警,1
1628,肠胃,1
1627,变态,1
1626,女子监狱,1
1625,想扣,1
1624,话费,1
1623,充入,1
1620,女朋友,1
1619,昭通,1
1618,卫报,1
1101,气源,1
1599,邻水,1
1615,取保候审,1
1104,用气,1
1107,时紧,1
1610,借钱,1
1609,界面,1
1608,秘会,1
1607,某人,1
1604,俄媒,1
1108,湖北日报,1
1601,公安民警,1
1135,蜘蛛,1
1552,高承勇,1
1551,判处,1
1164,发回重审,1
1503,行李,1
1502,余名,1
1155,财贸,1
1500,至喜,1
1157,打个,1
1158,戒指,1
1161,免刑,1
1493,屏山,1
1491,欢迎,1
1490,东山,1
1486,南靖,1
1154,性质,1
1165,天地,1
1166,平利,1
1167,政法,1
1479,灾难,1
1477,博尔顿,1
1476,任命,1
1475,川普,1
1474,卡特,1
1473,推磨,1
1173,社会保险,1
1504,变运毒,1
1506,工伤,1
1550,建议,1
1533,聚业,1
1549,公诉人,1
1138,攀爬,1
1544,古泉,1
1543,夏元明,1
1542,辽金,1
1541,帖子,1
1540,求购,1
1539,一再,1
1537,天眼,1
1534,金服,1
1140,为师,1
1152,天畅,1
1530,美容院,1
1525,减少,1
1524,控股,1
1519,见状,1
1144,瓮中捉鳖,1
1146,军官,1
1515,春景,1
1514,高校学生,1
1148,泄愤,1
1509,赔偿款,1
1981,藏身,1
1984,黑点,1
2670,信网,1
2524,镇中,1
2463,我悔,1
2462,民政局,1
2461,完婚,1
802,时遭,1
2458,地址,1
2455,国民,1
805,拖行,1
2453,胡元明,1
2452,邹惠萍,1
2451,中洪,1
2450,孙洪发,1
2448,夏安,1
810,案讯,1
2445,停车场,1
2444,拖回,1
2443,斯巴鲁,1
811,搭车,1
2435,切除,1
2434,输卵管,1
2432,判断,1
2431,全球网,1
2429,博弈,1
2428,债权人,1
2464,肠子,1
2466,景城,1
2467,卫生室,1
2501,苦果,1
2521,咬牙,1
2518,尸骨,1
2517,万具,1
2516,万人坑,1
780,反复,1
2511,医疗器械,1
2510,未注册,1
782,再骗,1
2506,太脏,1
2505,诊治,1
2500,自酿,1
2470,男扮女装,1
2497,合一,1
2493,竞速,1
2485,法外,1
2484,绝对,1
2483,烈士,1
2481,网民,1
2480,树林,1
2477,杨其凤,1
2476,代秀斌,1
2472,大埔,1
2426,融资额,1
2425,乳业,1
2424,辉山,1
2339,药业,1
2368,高仿,1
2367,魏则,1
2366,民初,1
2362,建新,1
2360,申文,1
830,后用,1
2350,活跃,1
2349,攸县,1
2345,百观,1
837,安康市,1
2338,常山,1
2372,指纹,1
2334,咨讯,1
2331,所长,1
844,冒名,1
2329,调研员,1
845,补卡转,1
2326,搭售,1
846,卡主,1
2323,雪花,1
2322,巩义,1
2320,具备,1
2370,看好,1
2380,罗祥安,1
816,潼关,1
2399,麻醉,1
2418,化工厂,1
2414,扬泰,1
2413,腐蚀性,1
2412,疑有,1
2408,驶入,1
2407,洗煤,1
2405,砖井,1
2404,定边县,1
2403,演戏,1
2402,村委会,1
2398,自导自演,1
2381,行贿,1
2397,畅言,1
821,反应,1
2394,失效,1
2393,灭火器,1
2392,易发,1
2391,高温,1
822,陕西省政府,1
823,紫牛,1
2387,称霸,1
2383,豪登省,1
2523,淮安,1
2525,钢结构,1
2318,女患者,1
2526,李军,1
2629,国情,1
746,董家,1
747,营镇,1
2626,我该,1
748,某村,1
749,更换,1
2620,之责,1
2619,填坑,1
2618,取土,1
2617,房村,1
2616,七间,1
2615,昌平区,1
2612,人们,1
2611,遗书,1
2610,微博留,1
2608,公文,1
2607,国家机关,1
2603,吴宝春,1
2602,陈伏文,1
2601,陈伏国,1
2599,前途,1
2598,自毁,1
2597,女艺人,1
2630,挖坑,1
2631,小狗狗,1
2632,路见不平,1
2651,菲妥,1
2668,医学美容,1
2667,时讯网,1
2666,商务,1
2665,涉枪,1
2663,仿真枪,1
2662,同款,1
2657,肝脏,1
2656,叉车,1
2653,隐藏,1
2652,涨粉,1
2650,炒作,1
2635,女佣,1
2649,说谎,1
2648,喻虹,1
2647,肖金仙,1
2646,手铐,1
2643,犯困,1
2642,炎热,1
2641,警事,1
2640,九龙,1
2639,程伟,1
2638,刘传凤,1
2596,却性,1
2594,秀智,1
2593,师弟,1
2542,假案,1
2553,赤膊,1
2552,国税,1
2551,五华,1
2549,神器,1
2548,郑炳松,1
2547,身份证件,1
2546,杨涛,1
2545,姚明,1
2544,盗窃案,1
2543,禄劝,1
2541,陈睿报,1
2555,南宁糖业,1
2539,高楠楠,1
773,原始股,1
2537,运营,1
775,贾格丽,1
776,陇南,1
2534,法眼,1
2532,劳务,1
2531,裴坚,1
2528,设族,1
778,伪装,1
2554,葫芦岛,1
2556,发起,1
2592,宋仲基,1
2574,同胞,1
2590,说案,1
2589,次后,1
2587,法律硕士,1
2586,海归,1
2585,悲痛欲绝,1
2584,迎面,1
2581,忻府区,1
2580,仍判,1
2578,驶离,1
760,刘鑫江,1
761,歌案,1
2557,民事诉讼,1
2570,发霉,1
764,地狱,1
2566,用永辉,1
765,空荡荡,1
768,曝盖网,1
769,商城,1
2562,居联,1
771,李绍增,1
772,郑永雄,1
2559,业绩,1
851,太差,1
2317,麻醉性,1
1986,路终,1
2149,注射,1
2109,五一,1
2108,招数,1
2107,墙板,1
2105,之家,1
2104,曝福馨,1
2103,秦东,1
2101,毒药,1
2100,诬蔑,1
2099,三问,1
929,主诉,1
2096,奈曼旗,1
2092,多大怨,1
2091,多大仇,1
935,副经理,1
2087,帝皇,1
2084,创富,1
936,报账,1
2079,美工刀,1
937,卫东,1
2076,文昌,1
2071,艾滋病,1
2070,上思,1
2067,之下,1
2110,长假,1
2111,第一天,1
925,辽沈,1
2132,编著,1
2146,异议,1
2145,海峰,1
910,岚皋,1
911,六口,1
2139,鑫旺,1
2138,鹤岗市,1
2137,刘成祥,1
2136,李国明,1
2134,秘籍,1
2133,八本,1
912,魔芋,1
2114,遵化,1
2130,哭声,1
2129,传来,1
913,精粉场,1
914,宰称,1
2123,王演,1
923,遭拖行,1
2119,拒捕,1
2118,抓时,1
2116,冒名顶替,1
2115,慧眼识,1
2066,气急,1
940,有染,1
2063,丑恶嘴脸,1
2008,乘飞机,1
948,藐视,1
2027,战火,1
2026,轩然大波,1
2024,歌词,1
2023,高唱,1
2020,惹事,1
2019,全怪,1
2018,漏一地,1
2012,私宰,1
2010,底气,1
2004,二人,1
2030,这国仗,1
2003,老鼠,1
2002,冰棍,1
2001,死死,1
1994,齐齐哈尔,1
1992,失声痛哭,1
961,成涛,1
962,集镇,1
1989,仇恨,1
1988,讨薪,1
963,家村,1
947,财付,1
2031,撑腰,1
2062,看清,1
2047,打黑,1
2061,中医科,1
2060,哮喘,1
2058,完全,1
2057,男伤,1
941,十刀,1
2055,帮帮忙,1
2053,项庄,1
2052,明祖陵,1
2051,根本,1
2049,何处,1
2046,梁村,1
2032,这国竟,1
2045,乡西,1
2044,小梁,1
2043,河津市,1
2042,尊敬,1
2041,开动,1
944,蒙阴,1
2038,其父,1
945,信息港,1
2036,轰乱,1
2034,他国,1
2148,做手术,1
2150,镇静剂,1
2316,涟源,1
906,四桥,1
2274,驻村,1
2273,贫困村,1
2272,警钟长鸣,1
2270,地痞流氓,1
2269,六名,1
861,芸菲,1
862,影视文化,1
2266,上哈,1
2265,遇到,1
2264,健身房,1
2263,锻炼,1
865,招主播,1
867,机上,1
868,读卡器,1
2257,大明,1
2256,嵇兵,1
2255,处以,1
871,虐童案,1
872,打拐,1
2248,兑现,1
2245,条款,1
2244,人疑,1
2241,并购,1
2276,十多年,1
2277,产权证,1
2279,难产,1
2297,淮安市,1
2315,血汗,1
2314,一辈子,1
2312,可恨,1
2311,轻浮,1
2310,回击,1
2308,骚扰,1
2304,拒不执行,1
2303,凉山,1
2299,通信工程,1
2298,旭日,1
2296,陈月勤,1
2280,长兴,1
2295,小兵,1
2294,王艳春,1
2293,私藏枪支,1
2291,林某,1
2289,正德,1
856,雨夜,1
2287,嵩明,1
857,追查,1
2285,爆炸物,1
2281,邮寄,1
2238,搞笑,1
2237,私生活,1
2236,豪放,1
2167,隐晦,1
2184,摆平,1
2183,用钱,1
2180,下不去,1
2177,面见,1
2176,少妇,1
2175,致脑损,1
2173,歌尬,1
2172,女医生,1
2171,男博,1
2168,暗示,1
2166,色诱,1
895,专项,1
2164,假扮,1
2163,打跑富,1
2162,桌子,1
902,毒驾案,1
2159,过寿,1
2157,协议,1
2156,刘恩,1
2155,朱建国,1
904,渭南市,1
905,韩城市,1
2188,家住,1
2191,单子,1
2235,李启红,1
2217,处长,1
2234,上酿,1
2231,酒气,1
2229,撞路,1
2228,林肯,1
2226,三水,1
2224,姜堰,1
878,打出,1
2221,稷山,1
879,骗补,1
2218,姜继红,1
2216,管理处,1
2192,马上,1
2215,交通厅,1
2214,广西壮族自治区,1
2213,开庭审理,1
880,因骗,1
2210,向前,1
2204,士兵,1
2203,纳粹,1
2200,伊路安行,1
2199,万多,1
888,襄城区,1
3959,公公,1
3961,全要,1
6311,鹤峰,1
5595,走上,1
5624,一岁,1
5623,艾滋,1
5622,沾染上,1
5620,性暴力,1
5618,大叔,1
5617,猥琐,1
5616,幼女,1
5615,喷雾,1
5614,胡椒,1
5612,偷换,1
5611,收款,1
5610,毫无忌惮,1
5609,下身,1
5608,赤裸,1
5607,男客,1
5606,同租,1
5604,合租,1
5602,堵门,1
5601,带刀,1
5600,畏惧,1
5599,撕咬,1
5598,狼狗,1
5597,日明网,1
5625,泉城,1
5626,旺角,1
5627,权证,1
5640,不安,1
5654,老城,1
5653,安阳,1
5650,问其,1
5647,手刃,1
5646,小说,1
5645,玄幻,1
5644,衰竭,1
5643,器官,1
5642,割喉,1
5641,晦气,1
5639,感到,1
5628,新津,1
5638,烧纸,1
5637,为主,1
5636,引导,1
5635,倒水,1
5634,老楼,1
5633,电力,1
5632,告警,1
5631,水位,1
5630,欧洲,1
5629,暴风雨,1
5596,建材厂,1
5594,普通人,1
3962,不留,1
5593,碰到,1
148,不必,1
5550,为首,1
5549,某富,1
5547,上饶市,1
149,逢迎,1
5544,就寝,1
5543,凌晨时分,1
5542,寝室,1
5541,抛乐色,1
5540,请勿,1
5538,下来,1
5537,天桥,1
5535,你动,1
5533,大姐,1
5531,蜥蜴,1
5530,上万名,1
151,焦点,1
5528,希捷,1
5527,四万元,1
5526,因加,1
5525,下毒,1
5523,室友,1
5522,心胸狭窄,1
5554,砍头,1
5556,令人寒心,1
5557,欧浪网,1
5578,吸取,1
5592,摇一摇,1
5591,伍月长,1
5589,割手,1
5588,叠好,1
5587,被子,1
5586,家务,1
5585,往下,1
5584,数百人,1
5583,受挤,1
5579,遇碰瓷,1
5575,暴暴暴,1
5558,节日,1
5572,伺候,1
5571,几日,1
5570,收留,1
5569,通泰街,1
5568,开福区,1
5567,碰伤,1
5566,点烟,1
5565,自杀未遂,1
5563,安眠药,1
5562,彩玩,1
5655,养狗,1
5656,疫苗,1
5657,万剂,1
5658,点评,1
5755,喊冤,1
5754,反杀,1
5753,打人者,1
5752,鲍聪,1
5751,李鬼,1
5748,小店区,1
5747,男方,1
5746,灭迹,1
5745,烧车,1
5743,小学校长,1
5742,多宗,1
5741,电商,1
5740,跨境,1
5739,线下,1
5738,卖假,1
5737,奶粉,1
5736,万罐,1
5734,流程,1
5733,分成,1
5732,医患,1
5731,换命,1
5730,以命,1
5729,什么样,1
5756,盲区,1
5757,拐弯,1
5758,直击,1
5773,转运站,1
5787,昌平,1
5786,人赃俱获,1
5784,包括,1
5783,大货,1
5782,查收,1
5780,全体,1
5778,还债,1
5777,替子,1
5776,老父,1
5775,劳动,1
5772,垃圾站,1
5759,总部,1
5771,内设,1
5769,北侧,1
5768,急救站,1
5767,东城区,1
5766,事车,1
5765,炸胎,1
5764,作死,1
5763,进场,1
5762,小队,1
5761,拆弹,1
5725,被弃,1
5724,冷天,1
5723,老夫妻,1
5677,一不小心,1
5687,溪河,1
5686,镇梅,1
5685,塘溪,1
5684,告别,1
146,便是,1
5682,横流,1
5681,几千元,1
5680,田地,1
5679,水毁,1
5678,污厂,1
5673,进去,1
5690,马克,1
5672,月租,1
5671,起因,1
5669,人摊,1
5668,捕猎,1
5667,添病,1
5666,而是,1
5665,治病救人,1
5662,示威,1
5660,第四轮,1
5659,医网,1
5688,保持,1
5691,视察,1
5722,万赔,1
5709,极端分子,1
5721,达成,1
5720,辛置,1
5719,矿务局,1
5718,霍州,1
5717,躲猫猫,1
5715,执罪,1
5714,涉拒,1
5713,欠债,1
5712,医务人员,1
5711,伤医,1
5708,攻势,1
5692,嘘声,1
5707,发动,1
5706,政府军,1
5705,卡纳塔克邦,1
5703,挪窝,1
5699,加价,1
5698,临时,1
5697,党员干部,1
5696,黔南州,1
5694,打麻将,1
5693,骚乱,1
5520,这条,1
5519,疑点重重,1
5515,不干,1
5379,采石,1
5346,裸露,1
5345,装疯卖傻,1
5344,停滞,1
5343,运维,1
5342,黄车,1
5340,秋千,1
5339,内玩,1
5338,理发店,1
5337,隐秘,1
5336,杂物,1
5334,喷灯,1
5332,东城,1
5331,防火,1
5328,小青年,1
5325,骑着,1
5324,近视,1
5323,鱼眼,1
5322,操治癌,1
5321,甩手,1
5319,到处,1
5318,公厕,1
5317,买酿,1
5316,烟瘾,1
5347,积尘,1
5348,满天飞,1
5350,西街,1
5364,公用,1
5377,平房区,1
5374,大集,1
5373,每逢,1
5372,夏垫,1
5371,大厂,1
167,却是,1
5369,残肢,1
5368,分类,1
170,联播,1
5365,没装,1
5363,阻拦,1
5351,北街,1
5362,急救,1
5361,积水潭,1
5360,暖气,1
5359,一倍,1
5358,塘汛,1
5357,难行,1
5356,停路,1
5355,爆管,1
5353,游商,1
5352,坐商,1
5314,粪便,1
5313,倒灌,1
5309,丰泽园,1
5256,开发区,1
5267,逛商场,1
5266,心碎,1
5265,园洲,1
5264,变本加厉,1
5263,打扫,1
5262,上前,1
5261,梅江河,1
5260,滑落,1
185,受害者,1
5257,内有,1
5254,指监,1
5270,毒手,1
5253,环保局,1
5252,池镇,1
5251,县长,1
5250,泊头,1
5246,钢材市场,1
5245,宁河,1
5244,顺义,1
5243,精华,1
5241,赔后,1
5240,蒙冤,1
5269,伸出,1
5271,火坑,1
5308,曲阜市,1
5289,没钱,1
5306,手续,1
5304,异味,1
5303,没错,1
5299,恶臭,1
5298,社谈,1
5297,网事,1
176,耶路撒冷,1
5294,正常,1
5292,这点,1
5291,门卫,1
5288,初二,1
5273,三轮,1
5287,太紧张,1
5286,三棵树,1
5285,中毒事件,1
5284,一化企,1
5283,兴南,1
5282,烧炭,1
5281,相约,1
5278,孙沟,1
5276,水井,1
5274,运尸,1
5378,截断,1
5380,八路,1
5514,吐壳,1
5382,靴子,1
5481,两骑,1
156,空心,1
5477,排名,1
5475,仅仅只是,1
5474,液体,1
1270,紧紧,1
5472,滴入,1
5471,吃食,1
5470,化学,1
5469,刺成,1
5468,帮凶,1
5467,踏入社会,1
5466,牙签,1
5464,失联者,1
5463,看雪,1
5462,售房,1
5461,空地,1
5460,花城,1
5459,逸景,1
5458,垣曲,1
5457,靠不住,1
5456,提起,1
5455,养老,1
5482,偷车贼,1
5485,合伙人,1
5486,诈骗犯,1
5501,四车,1
5513,满地,1
5512,小龙虾,1
5511,而已,1
5510,还称,1
5509,两厢,1
5508,三厢变,1
5507,三车,1
5505,康定,1
5504,六次,1
5503,我开,1
5499,事酿,1
5487,阴谋,1
5498,高学历,1
5497,岳父,1
5496,武林,1
5494,欲换,1
5493,炸药,1
5492,代买,1
5491,鸡西,1
5490,微商真,1
5489,无比,1
5488,福州市,1
5454,自买,1
5453,蜗居,1
5452,引来,1
5403,上百万,1
5416,听到,1
5415,高薪,1
5414,足浴,1
5413,卖入,1
5412,清白,1
5410,花季少女,1
5409,竟系,1
162,反遭,1
5405,白女,1
5404,假币,1
5402,机制,1
5421,开锁,1
5401,复印,1
5399,像素,1
5398,尺寸,1
164,忻州,1
5395,美遭,1
5393,数百条,1
5390,货运,1
5388,肉糜,1
5387,何不,1
5384,烦心事,1
5420,笨贼,1
5423,亲手,1
159,裸贷发,1
5437,网约车,1
5450,旅馆,1
5449,没醒,1
5448,大树,1
5447,车撞,1
5445,唾骂,1
5444,指认,1
5443,杀夫,1
5442,潘金莲,1
5441,现代版,1
5438,绕远,1
5436,刮掉,1
5424,刺死,1
5435,慌不择路,1
5434,担心,1
5433,还开,1
5431,五刀,1
5430,连刺,1
5429,只好,1
5428,兜里,1
5427,房租,1
5426,拖欠,1
5425,吴卓林,1
144,开审,1
5789,万里行,1
5790,彩铃,1
6180,大乱斗,1
6148,过世,1
6145,坚果,1
6144,航空,1
6143,裁决,1
6141,死缓,1
6140,激烈,1
6139,坠下,1
6138,死后,1
6137,泉水,1
6136,保障,1
6135,队员,1
6134,驳回,1
6133,仲裁委,1
6131,申请回避,1
6130,仲裁员,1
6128,反转,1
6127,盘点,1
6126,管辖权,1
6125,电传,1
6124,高院,1
6123,法学,1
6122,人大代表,1
6121,牧羊,1
6149,生前,1
6150,色拉油,1
6151,注入,1
6168,开水,1
6178,开枪,1
6177,发令枪,1
6176,助威,1
6175,一涉,1
6174,克隆,1
6173,伏击,1
6172,徐汇,1
6171,取物,1
6170,隔空,1
6169,下体,1
6166,海兴,1
6152,全脸,1
6165,打群架,1
6163,莘县,1
6161,缉拿,1
117,车震,1
6159,阳江,1
6157,检查站,1
6156,大闹,1
6155,艾滋病毒,1
6154,引流,1
6153,闭眼,1
6120,影终,1
6119,宝山,1
6114,不可思议,1
6074,听力,1
6085,严格,1
6084,秩序,1
6083,市场经济,1
6082,以来,1
6081,生完,1
6080,遭雷击,1
6079,懂事,1
6077,尿床,1
6076,从不,1
6075,听不清,1
6073,装聋,1
6088,如果,1
6072,挨骂,1
6071,避免,1
6070,不及格,1
126,警戒,1
6068,关停,1
6067,温州市,1
6066,毒贩,1
6064,婚书,1
6061,拿到,1
6060,小平,1
6087,追究责任,1
6089,刀伤,1
6113,用人单位,1
6102,院方,1
6112,补助金,1
6111,工亡,1
6110,职工,1
6109,工伤保险,1
6108,缴纳,1
6107,大要,1
124,倾向,1
6105,薄熙来,1
6104,梅河口市,1
6103,偏偏,1
6101,内裤,1
6090,会判,1
6100,专用发票,1
6099,增值税,1
6098,虚开,1
6097,张君生,1
6096,督办,1
6095,陷害,1
6094,未获,1
6093,擦伤,1
6092,面部,1
6091,打倒,1
6179,擦肩,1
116,此等,1
6058,怎能,1
6184,违停,1
6279,制止,1
6277,创建,1
6276,文明城市,1
6275,免予,1
6274,枪案,1
6273,涉气,1
6272,批复,1
6271,量刑,1
6270,两高,1
6269,郑俊涛,1
6268,康虹,1
6267,男主角,1
6265,独创性,1
6264,著作权,1
6263,美妆柜,1
6262,狠心,1
6261,公婆,1
6260,胎儿,1
6259,四人,1
6258,名单,1
6257,投案,1
6256,审查起诉,1
6255,涉两罪,1
6280,你加,1
6281,成品油,1
6282,调和,1
6295,科目,1
6309,征集,1
6306,审讯,1
6304,自学成才,1
6303,连锅端,1
6302,打拼,1
6301,本金,1
6300,清场,1
111,无关,1
6298,南平,1
6296,上放,1
6294,程序,1
6283,桐乡,1
6293,速裁,1
6292,适用,1
6291,江陵,1
6290,高效,1
6289,速度,1
6288,检讯,1
6287,金坛,1
6286,纺织厂,1
6285,东路,1
6284,梧振,1
6253,全赔,1
6252,举动,1
6251,离身,1
6201,万一,1
6215,强塞,1
113,儒家,1
6213,大河,1
6212,啥事,1
6211,出个,1
6208,讨说法,1
6207,婚内,1
6206,半小,1
6204,鳗鱼,1
6203,多条,1
6198,洪某,1
6217,连心桥,1
6197,糖果,1
6196,潢川,1
6195,吊车,1
6194,逻辑,1
6193,良渚,1
6192,跟上,1
6189,栾川县,1
6188,过节,1
6186,禁停系,1
6185,告知,1
6216,分罚,1
6218,庆云,1
6250,撤控,1
6233,理智,1
6249,拖延,1
6248,泄密,1
6243,文著协,1
6242,重大损失,1
6241,房叔,1
6240,第二,1
6239,姑父,1
6237,失驾,1
6235,私生,1
6234,追星,1
6232,谴责,1
6220,微信群,1
112,几千年,1
6230,盗笔,1
6229,遇车,1
6228,朱一龙,1
6227,预计,1
6225,出川,1
6224,北上,1
6223,京昆,1
6222,属实,1
6221,盛传,1
6059,无知,1
6057,眼珠,1
5791,骨头,1
5925,气入,1
5891,寒冷,1
5890,过去,1
5889,嗜睡,1
5888,就要,1
5887,吴忠俩,1
5885,当涂,1
5884,火遍,1
5883,姓李,1
5882,个头,1
5881,交通安全,1
5880,天气预报,1
5879,孩童,1
5875,泾阳,1
5874,四成,1
5872,找伴,1
5870,完成,1
5866,教唆,1
5865,严厉打击,1
5864,重拳出击,1
5863,施救,1
5862,分析,1
5861,受理,1
5860,北京警方,1
5892,冬夜,1
5893,男乱,1
5895,吓跑,1
137,濑尿,1
5923,还须,1
5921,屡发,1
5920,双方,1
5919,昆明市,1
5918,何时能,1
5917,刘侃,1
5916,外事委员会,1
5915,港澳台侨,1
5914,自治区,1
136,疑饮醉,1
5910,文安,1
5896,捆扎,1
5908,明明,1
5907,说法,1
5905,平泉,1
5904,镇原,1
5903,要命,1
5902,能耐,1
5901,大城,1
5899,遗祸,1
5898,撒一地,1
5897,不牢,1
5858,花总遭,1
5857,测试,1
5856,果然,1
5806,最新进展,1
5818,李学跃涉,1
5816,信息技术,1
5815,叫卖,1
5814,犯罪案,1
142,江歌案,1
5811,法院院长,1
5810,茶陵,1
5809,彻查,1
5808,郑月,1
5807,伤林,1
5805,一皮卡,1
5821,长汀,1
5804,三里,1
5803,灌阳,1
5802,收费员,1
5800,别转,1
5799,同步,1
5798,故意杀人罪,1
5796,带离,1
5795,贿赂,1
5793,执结,1
5792,立刻,1
5819,神速,1
5825,罪名,1
5854,驾时,1
5838,删帖,1
5853,主查,1
5852,宝马车,1
5851,招投标,1
5849,鲁山,1
5848,依法处理,1
5846,瞒天过海,1
139,车门,1
5842,忧郁症,1
5841,逼成,1
5840,教育领域,1
5837,收费,1
5826,隆化,1
140,趴在,1
5835,开封,1
5834,多种,1
5833,涉及,1
5832,经查,1
5831,布控,1
5830,缉查,1
5829,栽倒,1
5828,驾无牌,1
5827,分别,1
5924,接地,1
5926,民心,1
6056,连生,1
5929,河路,1
6025,当下,1
6023,侵致,1
6022,被性,1
6021,保证金,1
6020,流窜作案,1
6019,火眼金睛,1
6018,妹夫,1
6017,郧西,1
6016,刷后,1
6015,反诉,1
6012,井倒板,1
6011,采光,1
6010,讯问,1
6009,牧业,1
6007,华航,1
6006,上游,1
6005,所作所为,1
6004,碾亡,1
6002,老人院,1
6001,丢进,1
6000,巨星,1
5999,风靡一时,1
5997,法律手段,1
6027,现状,1
6028,马鲛鱼,1
6029,责任人,1
6044,搜捕,1
6055,天平,1
6053,小组,1
6052,应诉,1
6051,建房,1
6050,圈地,1
6049,某经,1
6048,相互,1
6047,翻脸,1
6046,小报,1
6045,警法,1
6043,强奸案,1
6030,帮带,1
6041,都柏林,1
6040,武功,1
6039,刑事责任,1
6038,表妹,1
6036,肇事者,1
6035,锁定,1
128,海外,1
6033,拍手称快,1
6032,遭两人,1
6031,箱子,1
5996,达到,1
5995,多分,1
5994,宣化,1
5943,坠桥,1
5961,何去何从,1
5960,获释,1
5957,大衣,1
5956,特制,1
5955,几百块,1
5953,顺手牵羊,1
5950,住院费,1
5947,活该,1
5946,同饮,1
5945,跳桥,1
5942,案获,1
5963,票贩子,1
5941,巴林左旗,1
5940,赤峰市,1
5938,太谷,1
5937,核查,1
5935,关乎,1
135,信宜市,1
5933,德令哈,1
5932,知情者,1
5931,交口,1
5930,赤壁,1
5962,乌鲁木齐,1
5964,窗外,1
5993,斑比,1
5979,零钱,1
5992,小鹿,1
5991,每月,1
5990,百头,1
5988,心灵,1
5987,净化,1
5986,吴纪,1
5985,总指挥,1
5984,指挥部,1
5982,电厂,1
5980,莫名其妙,1
5977,兴隆,1
5965,救人,1
5976,西吉,1
5975,抽过,1
5974,香烟,1
5973,新式,1
5972,烟灰,1
5971,加热,1
5969,拍卖,1
5968,锦云堂,1
5967,份子,1
5966,不法,1
5239,枯死,1
5238,行道树,1
5237,千余,1
4503,硫酸,1
4455,唐山竟,1
4453,七号,1
4452,幼儿,1
4451,带有,1
4450,马路,1
4449,回事,1
4448,昌乐,1
4447,宝通,1
4445,汤阴,1
4443,虚线,1
253,其扰,1
4440,知名品牌,1
4437,简单,1
4435,玉溪市,1
4434,车酿,1
4433,次别,1
255,遣返,1
4431,竞争对手,1
4430,不放过,1
4429,悍匪,1
4428,无人性,1
256,动漫,1
257,形象,1
4456,十几,1
4457,翻倒,1
4458,危险品,1
4477,油罐车,1
4501,别车致,1
4495,南阳镇,1
4491,半挂,1
4489,茌平,1
4488,门前,1
4487,这户,1
4484,双腿,1
4483,车压断,1
4480,舅舅,1
4478,女孩儿,1
249,百斤,1
4459,运输车,1
4475,大悟,1
4473,珙泉,1
4471,已烧,1
4470,长虹,1
4467,跳车,1
4466,两口子,1
4465,正阳,1
250,宠物猪,1
4462,沂水,1
4460,黄灯,1
4423,未拉,1
258,熊大,1
4421,驾酿,1
4357,美法,1
270,陶新琴,1
4372,浦南,1
4370,车中,1
275,追悼会,1
4368,长晋,1
4367,海光,1
4363,友军,1
4361,特种兵,1
4359,再度,1
277,自发,1
4356,抵达,1
4375,肋骨,1
4355,多辆,1
4354,路大,1
4353,南四环,1
4352,曝料,1
279,悼念,1
280,县公安局,1
4343,亡人,1
4342,小火,1
4341,治治,1
4339,车真要,1
4374,十多米,1
4377,五根,1
4418,路虎牌,1
4398,山谷,1
262,销售商,1
4416,服务区,1
4414,侯马,1
4412,温岭市,1
266,标兵,1
4407,碎片,1
4406,厢式车,1
4403,提供线索,1
4402,广大群众,1
4400,校门口,1
4397,坠入,1
4380,前部,1
4395,巴基斯坦,1
4394,定期,1
4393,康利,1
4392,德鲁,1
4390,几十次,1
4388,血袋,1
4387,自备,1
4386,池州,1
4385,伴尸,1
268,优秀,1
4502,装载,1
4505,失灵,1
4337,长乐,1
246,解救,1
4620,门锁,1
4619,多分钟,1
4618,跑步机,1
4614,打表,1
4613,往返,1
4607,环城,1
4606,气度,1
4605,人身安全,1
4604,涉水,1
228,北极熊,1
229,肌肉,1
4599,皮包,1
230,萎缩,1
4597,进不去,1
4596,深夜里,1
4594,旅客,1
4593,氧气瓶,1
4592,拿出,1
4591,空姐,1
4590,大哭,1
4588,机舱,1
231,暴瘦,1
4586,逃出,1
4621,损坏,1
4622,修换,1
4623,惯盗,1
226,批太,1
4649,重建,1
4648,吊桥,1
4647,冲毁,1
4645,不能到达,1
4644,城隍庙,1
4643,涵江,1
4642,距离,1
4641,几十米,1
225,问政,1
4638,凌辱,1
227,圆滑,1
4624,轻易,1
4635,处疑,1
4634,化肥厂,1
4633,半挂车,1
4632,抽烟,1
4631,六月天,1
4630,火源,1
4629,沼气,1
4628,污水池,1
4626,深坑,1
4625,文化路,1
4585,仓皇,1
4584,凤山,1
4583,高雄,1
4523,冲上,1
4536,童星,1
239,不信,1
4533,洼里,1
4532,泊头市,1
240,非要,1
4530,还原,1
243,卖淫女,1
4528,减速,1
4527,蒙头,1
4525,路滑,1
244,同乡,1
4539,比赛,1
4521,无人驾驶,1
4519,可恶,1
4517,渠县,1
4516,警情,1
4515,安全网,1
4514,佰佰,1
4511,四轮,1
4510,转盘,1
4508,秀山,1
4507,唯一,1
4538,赛车,1
4541,吹风机,1
4581,翻沉,1
4565,塞缪尔,1
4579,游船,1
4578,短路,1
4577,插座,1
4575,坪地,1
4574,今天上午,1
232,求生存,1
4571,下去,1
4570,行至,1
4567,碧鸡路,1
4566,沃纳钦,1
4560,马汉选,1
4543,特稿,1
4559,都江堰市,1
4558,手软,1
4557,收钱,1
4556,人为,1
4550,慈城,1
4549,四邻,1
236,抽血,1
4547,普陀,1
4545,机车,1
4544,土耳其,1
285,众人,1
4336,空壳,1
4651,缺钱,1
341,被劫持,1
4069,有辆,1
4068,大脑,1
4066,鼻腔,1
4065,冲洗,1
4064,食脑虫,1
4060,联者,1
4059,名失,1
4058,叙永,1
4054,癫痫病,1
4053,祸案,1
4051,人来,1
4050,竟喊,1
4049,周岁,1
374,证据不足,1
4046,切线,1
375,无从,1
4044,校巴,1
4043,小男孩,1
4040,好险,1
4039,减轻负担,1
4035,余张,1
378,放心,1
4025,全村,1
4070,港澳,1
4072,探访,1
364,抢夺案,1
4090,开往,1
344,庆幸,1
345,套牌车,1
346,何勇,1
349,制度,1
350,撕下,1
351,节俭,1
353,面具,1
4093,垮方,1
4092,倾覆,1
4091,客轮,1
4088,车外,1
363,飞车,1
4087,上往,1
4086,剧本,1
358,卡贩称,1
4083,铁西,1
4082,兴化,1
4081,布饵,1
360,路子,1
4079,无业,1
361,莒南,1
362,十多起,1
4024,打游戏,1
4023,交朋友,1
4022,毒瘾,1
3976,被动,1
3989,零售店,1
3987,学区,1
3986,划分,1
3985,重新,1
3984,局要,1
3983,温哥华,1
3981,闪崩,1
3979,股价,1
3978,万股,1
3977,减持,1
3975,爆雷,1
3991,撤销,1
3974,质押,1
3973,比例,1
3972,第一次,1
3971,一回,1
3970,盟友,1
3969,该不该,1
3968,装上,1
3966,酱香,1
3965,赠品,1
3964,有史以来,1
3990,许可证,1
3992,坐拥,1
4021,下药,1
4008,中纪委,1
4020,上班,1
4019,公关,1
4018,小姑娘,1
383,多系,1
384,留守,1
4015,失足落水,1
4013,垂钓,1
4012,陆良,1
4011,严肃查处,1
4010,损害,1
4006,布局,1
3993,名车,1
4005,战机,1
4004,俄空军,1
4003,监视,1
4002,无人机,1
4001,空军基地,1
4000,俄驻,1
3999,分钱,1
3998,卖房,1
3996,逼迫,1
3995,开销,1
342,遗弃,1
340,接人时,1
4335,整车,1
335,花超,1
4296,小狗,1
4295,割伤,1
4293,没见,1
4292,刺穿,1
4291,防护栏,1
4289,疲惫,1
4287,公路,1
4286,搅拌车,1
4285,混凝土,1
4284,横祸,1
4282,三辆,1
4281,丧命,1
4279,布加迪,1
4278,首撞,1
4276,开超,1
4275,玩具,1
4274,跑车,1
4273,伟大,1
4272,真主,1
4271,高喊,1
4270,遭恐袭,1
4267,一眼,1
4265,好奇,1
4298,慎识,1
4299,策划,1
4301,一把,1
4320,一辆车,1
4333,诸城,1
4332,车损,1
4331,河东,1
4330,煎熬,1
4329,夜里,1
4328,摔倒,1
4327,砚山,1
4326,七辆,1
286,相助,1
4321,包子铺,1
4319,下方,1
4302,蓬安,1
4318,冰湖,1
4316,携女,1
4314,管制,1
4313,三起,1
4312,白河,1
4311,开口,1
290,知是,1
291,中风,1
4307,母女俩,1
4305,乱花,1
4261,无腿,1
4260,孕期,1
4259,钟某,1
4188,十字路口,1
4204,百元大钞,1
4202,火球,1
313,新沂市,1
315,接线员,1
4198,一半,1
4195,太和,1
318,几名,1
4193,仅仅,1
4191,没睡,1
4189,礼让,1
4185,撞毁,1
4209,中巴,1
4183,辅助,1
4182,开启,1
4179,五六名,1
325,女警,1
4175,怒撞,1
4174,嘉兴,1
4173,暧昧,1
327,李易峰,1
328,杨洋,1
331,记过,1
4206,捡钱,1
4214,医药费,1
4258,灵溪,1
4238,注意安全,1
4257,第二辆,1
295,妙龄女,1
4253,一具,1
298,饭馆,1
4248,活不下去,1
4245,任何,1
4244,学童,1
4242,睢县,1
4240,心虚,1
4239,组队,1
4237,防范,1
4215,活生生,1
4236,中国大使馆,1
4235,撤离,1
4231,雷暴,1
305,寻儿,1
4226,安庆,1
4224,人群,1
4223,巴士站,1
306,难于上青天,1
312,取得联系,1
4218,京珠,1
4650,遇阻,1
4652,副科,1
5236,达州,1
5090,山东省,1
5054,很痛,1
5051,整根,1
5050,吸管,1
5049,环境污染,1
5048,防控,1
5047,无害化,1
5046,饲喂,1
5045,泔水,1
5043,高达,1
5039,寻踪,1
5038,雪域,1
5037,伤口,1
5036,截肢,1
5035,止血,1
5033,花椒面,1
5032,土方,1
5031,相信,1
5030,华城,1
5028,各处,1
5027,沙河,1
194,产后,1
5024,严重后果,1
5023,禁放,1
5055,少量,1
5056,不算,1
5057,剩饭剩菜,1
5076,落败,1
5088,方案,1
5087,一个月,1
5085,跨门,1
5084,久治不愈,1
5083,顽疾,1
5082,小巷,1
5081,背街,1
5080,诸暨,1
5078,击打,1
193,患上,1
5074,商混,1
5058,烧成灰,1
5070,数个,1
5069,猛抽,1
5068,推搡,1
5067,一阵风,1
5064,主因,1
5063,尾气,1
5062,燃煤,1
5061,表明,1
5060,重度,1
5059,哈市,1
5022,一律,1
5021,铜川市,1
5020,人渣,1
4972,视听,1
4988,掩盖,1
4986,废弃,1
4985,万荣,1
4984,废料,1
4982,乱堆,1
4979,龙居镇,1
4978,盐湖区,1
4976,此事,1
196,爱问,1
4973,贩售,1
4971,夜闻,1
4991,拔树,1
4970,下落,1
4969,几天,1
4968,口罩,1
4967,一戴,1
4966,盗号,1
4964,污水泵,1
4963,杏林,1
4961,被绑,1
4959,中转站,1
4958,村口,1
4989,后代,1
4992,成瘾,1
5019,女流氓,1
5006,模糊,1
5018,道德败坏,1
5017,某女,1
5016,十二局,1
5015,花椒,1
5014,洪江,1
5013,木村,1
5011,芦苇丛,1
5010,爆表,1
5008,推销,1
5007,龙腾苑,1
5005,排污沟,1
4993,寿光,1
5004,摔下,1
5003,喝醉,1
5002,南朗镇,1
5000,尘土飞扬,1
4999,堤坝,1
4998,水闸,1
4997,围堤,1
4996,片区,1
4995,冲口,1
4994,横门,1
5089,任军军,1
5091,费县,1
4956,一连,1
5093,禽兽不如,1
5203,袋鼠,1
5202,狗狗,1
5201,他称,1
5200,嘲讽,1
5199,转发,1
186,鉴定,1
5195,六小龄童,1
5194,其它,1
5192,钮承泽,1
5191,生理期,1
5190,正值,1
5185,过度,1
5181,兴夏苑,1
5180,西夏区,1
5179,委实,1
5177,一批,1
5176,无水,1
5175,上万,1
5174,黑水,1
5173,自来水管,1
5172,砸碎,1
5170,爱车,1
5168,一袋,1
5205,前去,1
5206,河水,1
5207,生出,1
5221,双胞胎,1
5235,推倒,1
5234,饮料瓶,1
5233,保洁,1
5230,水管,1
5229,我组,1
5228,咬断,1
5227,一口,1
5226,电三轮,1
5223,寻至,1
5222,亲人,1
5220,凯里,1
5208,变异,1
5219,他俩,1
5218,管网,1
5217,雨水,1
5216,进直排,1
5215,未经,1
5214,电泳,1
5213,拯救,1
5211,全家人,1
5210,掳走,1
5209,怪物,1
5167,坠物,1
5166,插入,1
5165,钢笔,1
5109,逼近,1
5124,碎石子,1
5123,惩恶,1
5122,以恶,1
5117,枯草,1
5116,频繁,1
5115,振华路,1
5114,加强,1
5113,惨无人道,1
5112,简直,1
5111,捕杀,1
5108,年涨,1
5126,保护区,1
5106,芬太尼,1
5105,数说,1
5104,女之痛,1
5103,碉堡,1
5102,衡山,1
5099,避而不见,1
5097,承担责任,1
5096,勇于,1
5095,窨井,1
5094,畜牲,1
5125,堆积成山,1
5127,怎可,1
5163,新闻联播,1
5146,卡舒吉,1
5162,王星,1
5160,尧塘,1
5158,政风,1
5157,霸王餐,1
5156,上床,1
5155,安然,1
5154,相依为命,1
5150,肢解,1
5149,活体,1
5148,录音,1
5144,吞没,1
5128,洗砂,1
5143,双桥,1
5142,武鸣,1
5141,坑惨,1
5138,送院,1
5137,苍梧,1
5135,灰尘,1
188,月份,1
5133,北麓,1
5132,低污染,1
5131,煤价,1
4957,临海,1
4953,肆意妄为,1
224,电视,1
4803,迫降,1
4769,拒赔,1
4768,玩火,1
4766,小唐,1
4765,绥德,1
4764,充电器,1
4763,哧溜,1
4762,时玩,1
4760,吓死人,1
4759,未归,1
4758,赏雪,1
4755,两驴友,1
4754,洪涝灾害,1
4751,恐怖,1
4749,车开进,1
4746,楼上,1
4745,海宁,1
4744,熄灭,1
4742,大块,1
4741,中石化,1
4740,紧靠,1
4739,五路,1
4738,渤海,1
206,转卖,1
4770,腾起,1
4771,熊熊,1
4773,强风,1
4791,亲述,1
4801,滑翔伞,1
4800,直冲,1
4799,老房子,1
4798,榕城区,1
4797,雪景,1
4796,进山,1
4795,呼吸道,1
4794,余悸,1
4793,情景,1
4792,当时,1
4789,宜兴,1
4774,助长,1
4788,一根,1
4787,源头,1
4785,东博,1
4784,秀灵路,1
4783,海淀区,1
4781,误操作,1
205,不清,1
4778,骆一歌,1
4777,电烤炉,1
4776,屋顶,1
4735,自杀式,1
4734,也门,1
4733,十多个,1
219,从业人员,1
4688,工棚,1
4687,龙门架,1
4685,吹倒,1
4684,广播电台,1
4683,侯马市,1
4679,电路,1
4678,四溅,1
4677,火花,1
4675,装饰物,1
4674,圣诞树,1
4672,普遍,1
4690,整辆,1
4668,院校,1
4667,油烟味,1
4666,油水,1
4665,求生,1
4661,假象,1
4660,纵火,1
4658,打晕,1
4657,感情纠葛,1
4656,北方网,1
4655,赌气,1
4689,兴宁,1
4692,豪雨成灾,1
4732,原子弹,1
4714,彻夜,1
4731,如同,1
4729,罗马,1
4728,连电,1
4726,储存罐,1
4725,加油机,1
4723,遵义,1
208,操作失误,1
4718,外机,1
4717,空调,1
4715,燃起,1
209,液化气,1
4694,鄂尔多斯,1
4711,山庄,1
4710,霞光,1
4709,湘潭,1
4706,轮胎厂,1
4702,囤满货,1
216,揭医美,1
4699,永安,1
4698,秋裤,1
4697,芒康,1
4695,空架,1
4802,爱好者,1
4806,大坑,1
4952,堕胎,1
4807,没人修,1
4917,四窜,1
4916,火舌,1
4915,资讯中心,1
4914,五米,1
4911,扬起,1
4910,校舍,1
4908,取暖器,1
4907,一楼,1
4906,平陆,1
4905,建筑物,1
201,酷有,1
4903,来凤县,1
4901,撞击,1
4899,立交桥,1
4898,张立波,1
4897,组长,1
4896,巡视组,1
4895,第十一,1
4893,张杨路,1
4892,多发,1
4890,私拉,1
4889,现场图,1
4887,百晓生,1
4919,鳄城,1
4920,卧室,1
4921,暂无,1
4936,一干二净,1
4951,示威者,1
4950,玻利维亚,1
4949,连任,1
199,飞米外,1
4946,下地,1
4945,姥姥,1
4943,下楼,1
4942,工程车,1
4938,知人知面不知心,1
4937,不小,1
4935,冲刷,1
4922,回心转意,1
4933,菜花,1
4932,张店,1
4931,雪后,1
4929,虫子,1
4928,口服液,1
4927,抗病毒,1
4926,架子,1
4925,齐市,1
4924,万多元,1
4923,痴情,1
4886,桥桥,1
4885,车停,1
4884,击碎,1
4829,有家,1
4847,孟津,1
4845,秋干物,1
4843,汇口,1
4842,宿松,1
4840,失去,1
4839,麦泽利安,1
4838,火把,1
4836,灵车,1
4833,洪灾,1
4832,连日,1
4824,寒雨,1
4849,葬身火海,1
4822,踩住,1
4820,果园,1
4819,播植,1
4818,凤村,1
4814,四伤,1
4813,四死,1
4812,教堂,1
4810,台币,1
4809,数千万,1
4808,举债,1
4848,一能化,1
4850,挖到,1
4883,飞石,1
4869,顶层,1
4882,汶川,1
4881,代孕,1
4880,开裂,1
4879,沙家浜,1
4876,危旧房屋,1
4875,小村,1
4873,轮台县,1
4872,新疆,1
4871,粮道,1
4870,通城,1
4867,海淀,1
4852,富婆,1
4866,养猪,1
4865,南方,1
4864,让步,1
4862,水立方,1
4861,奥运,1
4859,龙卷风,1
4857,降雨,1
4856,万幸,1
4854,彭泽,1
4853,天寒地冻,1
9673,那样,1
